Actual_Result,Result,id
Neutral,Positive, A3HKGKK1ZHA7AG
Positive,Positive, AR4WDLKLS0RIJ
Positive,Positive, A2UDO0J78PLJKS
Neutral,Neutral, A2CRMW38CCO7JQ
Positive,Positive, A3K0HYAHX34S98
Positive,Positive, AEGSP9LLXWBGW
Positive,Positive, AWXQORMZ3JY4P
Positive,Positive, A3IY5713RUYMXU
Positive,Positive, A212G95A2AHC29
Positive,Positive, A2OOWJJVIW6RH2
Neutral,Neutral, A1W9CWA43P86V5
Positive,Positive, A1EJP11E9M71JD
Positive,Positive, A319SOL9LEJV3H
Negative,Positive, A1JNTGNQJQ1IV3
Negative,Positive, A1JOIMMUW685BW
Neutral,Neutral, A8RJP5V6PZ95Y
Positive,Positive, A5YVLB07K1AC0
Neutral,Negative, A3HK63JJ07UG4V
Positive,Positive, A1NT5ZE7EINHQG
Positive,Positive, A31OLQ0B8SLQZ5
Positive,Positive, A1X0OTJ62S2T22
Positive,Positive, A1D08648TPYBX2
Positive,Positive, A1ZIL99LRIU4C0
Positive,Positive, A17KITSVC7VAEM
Positive,Negative, A13EN8GK2TMA13
Positive,Positive, A1MA48JSJKCCCE
Positive,Positive, A25TTJDHRBQTUP
Positive,Positive, A3CO696BWU2A2O
Positive,Positive, A3DNV1SLWUHHMY
Positive,Positive, AX3BOKJIIUMUM
Positive,Positive, A1LX88HHIFC454
Negative,Positive, A24WMF0GGAQKO0
Neutral,Negative, A2YQWDOW7T1TRJ
Positive,Positive, A3IAFP15B9LYIB
Positive,Positive, A2DOPYMYNKQFKI
Positive,Positive, A3S3VSXEFXBMRC
Positive,Positive, A37WRQNKCYTPVN
Positive,Positive, AZ0B6AGD9DTJQ
Positive,Positive, A3OYPP8NRW7GFP
Positive,Neutral, A2GV4P4ZFAWG1D
Positive,Positive, A1I632PB7R3GJ
Positive,Neutral, A32CSG9Y0SBM2R
Positive,Positive, A37Q2ICG1YTI1D
Positive,Neutral, A43Y2QPDEWHKB
Positive,Positive, A1K6526SC44F8R
Positive,Positive, A2IHEPSOT0IA66
Positive,Positive, ARQIZTRXTUZIP
Positive,Positive, A3OBWQ8DTRLW2Q
Positive,Positive, A3TL442RISETFM
Negative,Positive, A3SWZR1FN4G6GH
Positive,Positive, A314Q4YBFJADVU
Positive,Positive, A2NYVLSN2XWKVE
Positive,Positive, A1CJZ8CGR8LSNO
Positive,Positive, A1RWYTVTK4F2BY
Positive,Positive, A28SQ836Q7CKZ3
Neutral,Positive, A1TSIS3X4LZ6W3
Positive,Positive, A2NIK7KXCZQIB
Positive,Positive, A278S61JJ5Y95L
Negative,Negative, A3FWY84LJY969T
Positive,Positive, AP2XFFFUSBAPD
Negative,Negative, A1Y958S09AFECU
Positive,Positive, A216Z3WHBR61M0
Positive,Positive, A14410FBSN04BS
Positive,Positive, A1IBLSGPLH3EJR
Positive,Positive, A3N3Q33UIDBVG8
Positive,Positive, A4TIT5V4RDMQJ
Positive,Positive, ASX5G07ZH6LEW
Positive,Positive, AFS0ZXZN1DF5H
Positive,Positive, A3Q84DH2HTWGKW
Positive,Positive, A2GAJ60XPF2PZ8
Positive,Positive, A3IREPN52S9P0D
Neutral,Positive, A1JOFQ3RMDPHAB
Negative,Positive, A10VB4IUDPTE7K
Positive,Positive, A3MWGFFHZPUA3H
Positive,Positive, A10PF436OZHKJV
Positive,Positive, A2O8LMXTUV715H
Neutral,Positive, A6P5ZO72RG5Y0
Positive,Positive, A334R2TLIBFTL6
Negative,Negative, AXWTUV0JA6RGA
Positive,Positive, A3PIVI77JXMYGV
Positive,Positive, A243HDZOD7T8H6
Positive,Positive, AMOPRCQPSW0XE
Negative,Negative, A25EM25TLNMM7Q
Positive,Positive, A3RYOIB2ZJUTYQ
Positive,Positive, A3SLD9N23MNRYU
Positive,Positive, A1P400IU8VJXK2
Neutral,Neutral, A2DQ9S5LWIWWA
Positive,Negative, AV2JV0ZG53M2O
Positive,Positive, A3UPKTGC4V1DBE
Positive,Positive, A38AOITJ3A6YN2
Positive,Positive, A186QRTIJFNK11
Positive,Positive, A3HICBMNHPS1A9
Negative,Positive, A2UV5UU6467MBP
Positive,Positive, A24LSAEA868KE9
Positive,Positive, A2UAP79S67P085
Positive,Neutral, A3CNTVN466WUSZ
Positive,Positive, A1VPNNU07W851J
Neutral,Neutral, AWA3CGNN7GR52
Positive,Positive, A3DMA1X2P1LYWU
Negative,Positive, A2UN1IZ7PEVHP4
Positive,Positive, A3BMPIGNVY7R06
Positive,Positive, A22KRH5WQOWRAK
Positive,Positive, A28T3U0HXV6064
Positive,Positive, A2RQFJ9HGAN1HQ
Positive,Positive, A3IE07Z5NWADA4
Negative,Positive, A2GQLS9DCI59WV
Positive,Positive, A3NEILEGG0PT7N
Neutral,Positive, A2OTMHFXCM6M82
Neutral,Positive, A3ZADZCCLAN6B
Positive,Positive, A2PNLWSR0T8EN3
Positive,Positive, A22KMCKYE5KQ2X
Neutral,Negative, A13HJZB19Q72S4
Neutral,Positive, A1THO5N5QJY5QZ
Positive,Positive, A1TKBYF65LG3GJ
Positive,Positive, A3PWPN3FGQO3GQ
Positive,Positive, A1P1LZ64ZO7YMU
Neutral,Neutral, ACIGRQ2ZSEBJF
Positive,Positive, A3USX3KXF2RPSW
Positive,Positive, A1Z5YVDYX1LAJO
Positive,Positive, A3ONW62CNJOAPM
Negative,Negative, A17LQTIYJSQJ6J
Positive,Positive, A27OB6VY53QMQI
Positive,Positive, A2UDMHKI30HOI4
Positive,Positive, ANB2GHYW0X68V
Positive,Positive, A3O5JOL82NOGRL
Positive,Positive, A3FDS7RNVJY8HR
Positive,Positive, A37L9462M1U2H5
Positive,Positive, A3BSXAB316MKGL
Positive,Positive, A1G2T9YSX9OORD
Positive,Neutral, A11JM71YA5OMBL
Positive,Positive, A381T1GN5SQ2JK
Positive,Positive, A22LVD1UGLHLL
Positive,Positive, AEY2MGJM0S2UO
Positive,Positive, A1CTJAHWOULCFY
Positive,Positive, AFT3BZNI7RSC4
Neutral,Neutral, A24SD3J0BNXR8W
Positive,Positive, A337T56JH8J5YZ
Positive,Positive, A3V5FDL9O0DNF3
Positive,Positive, A2S817OBPH1K3M
Positive,Positive, A3PTB7DRW1072W
Positive,Positive, A2G9SL9LVUZ4EF
Negative,Positive, AWPYL2NNF98U4
Positive,Positive, ABKY12D8J5DR1
Neutral,Positive, AM54BY3PGJ0JT
Positive,Positive, A1VJTHHPYG9FPL
Positive,Positive, A2Z8BP1MEJGVDN
Positive,Positive, AFP1KB8S73VEH
Neutral,Neutral, A1R8943JL1D02Q
Positive,Positive, A3IGQSOJCYFI1I
Positive,Positive, A3H1ONYXNZ5927
Positive,Positive, A1MNN85QFP51X9
Positive,Positive, AZGDKWC9UUJWB
Positive,Positive, AD6SWA4T0D7T1
Neutral,Positive, A345YYA3EMIOHN
Positive,Positive, A2K1TR4H7BTVAV
Positive,Positive, AVCU8B4S707LF
Positive,Positive, A38GTAQ6U366XX
Positive,Positive, AMK5L32JMRFTQ
Positive,Positive, A13ULIVQ6E133G
Positive,Positive, N/A
Neutral,Neutral, ABMDKM6OU40WU
Neutral,Neutral, AHEIXEURY3ZHM
Positive,Positive, ANZGB59VFO4ZR
Positive,Positive, ATQCOUWQOAL60
Negative,Positive, A2KASJ8Y0WDFOB
Neutral,Positive, A376PAQK1I7L7W
Positive,Positive, A3K063905YT6SP
Positive,Positive, A10AUUSWNSMLEP
Positive,Positive, A12HSGKTMUEMLI
Positive,Positive, A2F23QT3T03LLB
Negative,Negative, A3ERU9DQ9FAHOW
Neutral,Positive, A2IDMK95WXMZ3
Positive,Positive, A3NJ532BFMQCT5
Negative,Positive, A2116TLVHCF8T6
Positive,Positive, AUDQWMBWV44HS
Positive,Positive, A89ZZKNDFQH23
Positive,Positive, A1ICWMUCPIVTI5
Neutral,Positive, A3F4ZAZ0Y67NHS
Positive,Positive, A33CBDIW3K6DJ6
Positive,Positive, A3BXTGA399UMYR
Positive,Positive, A75VBSFJVWQID
Positive,Positive, A26IJAD2KO08I5
Negative,Positive, A2UQX2Q0YXY3RZ
Positive,Positive, A169MZFBYQDXRN
Positive,Positive, A2WTXDDLTOOQ1E
Positive,Positive, A30Z49JHQ2SOBL
Positive,Positive, AKZRTZPS1EIZT
Positive,Positive, A23S2U4YF9VQEX
Positive,Positive, A3IL7Y1TIHR8FN
Positive,Positive, A203XXX3CYJJB5
Positive,Positive, A1OQIL8IQ1RQ1B
Positive,Positive, AEW7M2KBMPJLM
Positive,Positive, A2P26P7163PW1L
Positive,Positive, A2F95N5OWSZ1OZ
Positive,Positive, A28A5MLFUJ4XJ8
Neutral,Positive, APIQ42PLB12IG
Positive,Positive, A13W12B905ZR12
Positive,Positive, AWRGRPJSNE4X7
Positive,Positive, A26EB4765CZWDF
Positive,Positive, A13ID1461VJG8B
Positive,Positive, A1YBEOV4SPBDX8
Positive,Positive, A4U4NRQ6S629
Positive,Positive, A2JTFBJRT2WNX8
Positive,Positive, A373XI7EHH4MYS
Positive,Positive, A2SRBEK2M0NKVS
Positive,Neutral, A6C3OSK50Y87U
Positive,Positive, A211NPD0IIQ9CI
Positive,Positive, A2LM5NGHYH38CK
Positive,Positive, A2CUI92FKHTQDS
Positive,Positive, AXPQEUVCS8BRO
Positive,Positive, A8998ASN9ZI3Z
Positive,Positive, AFN7HFKB41FTQ
Positive,Positive, AAWKYWHVKJMQU
Positive,Positive, A1CHZCPY273WVU
Positive,Positive, ACMOMILF1DCGK
Negative,Positive, ALSV9F7AJP17N
Positive,Positive, A2KMAR7N3V79DI
Positive,Positive, A1CIVXXXF2MLM7
Positive,Positive, A26M1R7LKQE3MH
Positive,Positive, A3LAR1BBTTYH55
Positive,Positive, A1CBS4DHCB1KW2
Neutral,Positive, A2R9BK2PWVJVSD
Positive,Positive, AMXNPLUV8BKPV
Positive,Positive, A2T4Z1QT8PHFQP
Neutral,Positive, A1UQOY96IQ8SA8
Positive,Positive, A3DMW9SHGBT4CV
Positive,Positive, A1HYU44GRJNQ6L
Positive,Positive, A10UHQH1YL5Q6B
Positive,Positive, A10KCTOAHQZEPH
Positive,Positive, A7ADMAVFI4NCE
Positive,Positive, ANPARJ60FOMUI
Positive,Positive, A1NVQDL5PI2MQX
Positive,Positive, A1ZX6ZHWLJK4FK
Positive,Positive, A25YXA3X6M5B5A
Positive,Positive, A2QJJ49TW4SDJZ
Neutral,Positive, A8MWV2EA92310
Positive,Positive, A29QWC1962QFV4
Positive,Positive, A2846LA5M6MNTK
Negative,Negative, A2OQD5Q7SFNIR6
Positive,Positive, A380VP3THUKNFZ
Positive,Positive, A1TZ03RPLDP0EC
Positive,Positive, A3E00X36QC9TI
Positive,Positive, N/A
Positive,Positive, A280KZ3G0JNWYM
Positive,Positive, A3MPS6RBL8H06P
Positive,Positive, A29HZQKJPVZPR2
Positive,Positive, AB80AB1IVEPVK
Positive,Positive, A325XKCPGGCND0
Positive,Positive, A2T66YFGAXL4R6
Neutral,Positive, A15V46DLC5ODBH
Positive,Positive, A2G54YEDA81W5
Positive,Positive, A2RDX35TQ70IVQ
Negative,Negative, A2XVEOLRI3C1TB
Positive,Positive, A1QGM8NRHHQBKN
Positive,Positive, A1GVP3TXTAK3JM
Positive,Positive, A2QLR75IR0I5BN
Positive,Positive, A2GTZLTKTHFA4Y
Positive,Positive, AVQN7XPPZ18H4
Neutral,Positive, A3LMTZW824WDFN
Neutral,Neutral, A1YAV7FD0IJFJD
Positive,Positive, AMZ4X92B8O5AL
Positive,Positive, A2BQHX0CB0FRRZ
Negative,Positive, A1K7SU454Z5O61
Neutral,Positive, A3CJGR5LAH4SOP
Positive,Positive, N/A
Positive,Positive, A3I0GBAQHK6D13
Positive,Positive, A2BVM6AGRYAI52
Negative,Negative, ADYMJ4B0QZA8E
Negative,Positive, A34H6YFZHK10KA
Positive,Positive, A1L43J5KJ4IGIO
Positive,Positive, ASD5UUGJABW6
Neutral,Negative, A1RTBG1FS0J6FJ
Positive,Positive, A2CPQTUSBWN82B
Positive,Positive, AI553DQCL6I8R
Positive,Positive, AI0I0U2NCFNVF
Positive,Positive, A1LKE51BV2RPDQ
Positive,Positive, A3ANLD5VRM8JSD
Positive,Positive, A1SD19IA116SDC
Positive,Positive, A1JPVDA8QXT04G
Positive,Positive, A7NECZPMJWPT0
Neutral,Positive, A3R6A5KMQWKXBW
Positive,Positive, AE28YDBB8UAJ0
Positive,Positive, A1NIV5RHVWOCA0
Positive,Neutral, A1L9FTED7688TP
Positive,Positive, A1FAAYZRTV13JB
Positive,Neutral, A3VHKF93AVBF9R
Positive,Positive, A1T2BCV0ZDR313
Neutral,Positive, AKISVGHDC6WFN
Positive,Positive, A2Z7UVS2QCJ6UM
Positive,Positive, AN3WBAQNVC3BR
Positive,Positive, A2UBTMZRMMIVKB
Positive,Positive, AW3M58GHIRHBT
Positive,Positive, A15Z8O8G1P6C1D
Positive,Positive, A24930D9LAXFUZ
Neutral,Positive, A11QUWYNUXR6KE
Positive,Positive, AK1JF1WLSRZC7
Positive,Positive, A1PQ8NSK2V634S
Positive,Positive, AWNPBEIF5T05C
Positive,Positive, AHH1G743VU5SZ
Positive,Positive, A3DTEW4MIHAFR1
Positive,Positive, A1AF9QMTZI357V
Positive,Positive, A18BSRNI42D3HD
Neutral,Neutral, A1RFHXZAQM1RFF
Positive,Positive, A22ABH5BG6LBZV
Negative,Neutral, ADS3N9282LEYQ
Positive,Positive, AM2EMJNT4BXUT
Positive,Positive, A27EWKHMOIH8HI
Positive,Positive, A3VNQ0WWLVSP7O
Positive,Positive, A30NCL0G7KQ7UE
Positive,Positive, A1VO3V1KZBS786
Negative,Negative, A2RGQDV5M5UATB
Positive,Positive, A14X389W12YDZZ
Positive,Positive, AGDKW3ALKFOTV
Positive,Positive, A2Z1C0R6RY140Z
Positive,Positive, A2HKT7W2H83JCF
Positive,Positive, A2NOITKQ01LRFR
Positive,Positive, A1IIXYPDOHPVIW
Positive,Positive, AITF7PHXUN1VU
Positive,Positive, A4Z86MPHGG0A7
Positive,Positive, ATK2Q9ILLD1ZH
Positive,Positive, AF36U23IS82OS
Positive,Positive, A2W7YEWTYFBOFG
Positive,Positive, APVIRGIWZLABW
Positive,Neutral, A1D88EJ5TP36L
Positive,Positive, A1I7219KCMXHGN
Positive,Positive, A1VUR7I1RK4W51
Positive,Positive, A3GR74WT5MPHZF
Positive,Positive, A39KW3UOYNDWS9
Positive,Positive, AHWUPPSN0Y0WP
Positive,Positive, A1QNTT35NNPUA
Positive,Positive, A1RLA7K897O6RQ
Positive,Positive, A2CTRJHJJYCSVH
Positive,Positive, A2K2PR9KLK2PQM
Positive,Negative, A2ATCG2AYFYK80
Positive,Positive, A2Q1SGJS6MEKL2
Negative,Negative, A3INRBZVNGDJ91
Positive,Positive, AK3S2MKQCIP92
Positive,Positive, A1316GPRIVBX4K
Positive,Neutral, AFPHVFIRWBUT7
Positive,Positive, AFGCP0FN6E9U5
Positive,Positive, A37071QZWVAHEK
Positive,Positive, A1MOXIR967Y2VU
Neutral,Negative, A1JBBJMEJNYYB1
Positive,Positive, A38CG56V3WDB2D
Positive,Positive, A3MXALJZ78C001
Positive,Positive, A1ZQJAIRZUILLE
Neutral,Neutral, A2SINJERKGXLQL
Positive,Positive, ABJGTBTEPTQON
Positive,Positive, AW81R6GXBIUL0
Positive,Positive, A321WGTJ8HME5Z
Positive,Positive, A1EFFV0CNI5D6L
Positive,Positive, A3H1JUJIDW96DW
Positive,Positive, AN5T6MAD6FC5I
Positive,Positive, ALR5JCY4OHFY6
Negative,Negative, A3R4ZJ3BHTSNPI
Positive,Positive, A2LGE63Y1RWB3Z
Positive,Positive, A30EA7MXL46I76
Positive,Positive, A14AUYX1LKVOOV
Positive,Positive, AYB2ISJC3A5ET
Positive,Positive, A3CWBDW3FVIJTF
Positive,Positive, A3JDRVUFP6X698
Positive,Positive, A3LZ6W0HALFOOK
Positive,Positive, A2UMOXMXYGCI95
Neutral,Negative, A2M24TEFO6OLHZ
Positive,Positive, A1LU9I7D84ZQ7A
Neutral,Positive, A3LEFDXAIX5M6P
Positive,Positive, A3QL8F0E4EB9XK
Positive,Positive, A202RCVHCA5MXL
Positive,Positive, A2C5S5TX4P3TSJ
Neutral,Negative, A3DAEPTBSGJLVJ
Neutral,Positive, A2JMQOV3LODHW3
Positive,Positive, A1SN2TNKIOE6I3
Neutral,Positive, A3OI1V0EJXF3TP
Negative,Negative, A236P3NQUB6ARQ
Positive,Positive, A2LXEDUMS0WT3Y
Positive,Positive, A1C5JH384RHVRD
Positive,Positive, A2A4X545ERLS7H
Positive,Positive, A3C3YAMWOMPBA5
Positive,Positive, ADXS4RBL62NHV
Positive,Positive, A26GNU0LPYTBDE
Positive,Positive, A1GH6BLR8T9T5A
Positive,Positive, A27UHMU79B9S6E
Positive,Positive, ABX3FLF2DZ4AW
Positive,Positive, A381IKJAYU2VIC
Positive,Positive, A1LGLC4XLJP8JL
Positive,Positive, A78LHZNF18K03
Positive,Positive, A12IEFD4FCTICG
Neutral,Positive, AQOD5JJPSULIU
Neutral,Positive, A2LMTAHD7AEV5I
Neutral,Positive, A2RI10BKCEYXPO
Positive,Positive, A1C1DGWNOQQQG4
Positive,Positive, A2FEE82E21QE5L
Positive,Positive, AF3V2EQ9O4XHI
Positive,Positive, A1MLA66L5QOWSR
Neutral,Positive, A2KNE48D27KXCW
Positive,Positive, A34WZM6RP0TG26
Positive,Negative, A1ODJ1ZDA8ZI52
Positive,Positive, A19ESAIEMW9DZV
Positive,Positive, A3H0P33MQ981TI
Positive,Neutral, AK2P2IG2PTQ5O
Positive,Positive, APVBCMJL3RWO3
Positive,Positive, A33XGPPSK0AAH5
Positive,Positive, A3PPEUSXBZLD7G
Positive,Positive, A37YUFBI23UPB8
Positive,Positive, A2Y7WFGH3JMUTR
Neutral,Positive, A1O4F81GWJE9HL
Positive,Positive, A2BX7PFWSFBAR0
Neutral,Negative, A18HMLQV2UGBBR
Positive,Positive, A1IU3GLMPUHSY2
Positive,Positive, AUEAZY2ZOQCYR
Positive,Positive, A3B3V1RPSY7U4P
Positive,Positive, A1M473JW0LZT3Z
Negative,Negative, A3J3OI9MT8VIDT
Positive,Positive, A2DSTOEI6J2J9
Positive,Positive, A2OCL41EVGB5DG
Positive,Positive, AIGP7FPDZ1ARV
Positive,Positive, AEWZPF08ET35Y
Positive,Positive, A3G8478X503DGM
Positive,Positive, A2DYY6ZLCLRQHW
Positive,Positive, A2957XHU2NHRER
Positive,Positive, A1ZKWN8JS9HGK5
Positive,Positive, A1YGCAYHGNSEH5
Positive,Positive, AX2TFBRAQ5W5M
Negative,Negative, AWTEVD4CB4ZOG
Positive,Positive, AG7ZY1CUF5HSQ
Positive,Positive, A23Q4SEO5HBG7O
Positive,Positive, A25PMBJHLTXNIR
Positive,Positive, A1M1ZZCMOH111Y
Positive,Positive, AJM6LTS1IRQFQ
Positive,Positive, AVXJL37CRFEYD
Positive,Positive, A16EWAG1SO7QMG
Positive,Positive, A2PWHX1JL2BS5E
Positive,Positive, A25UIX72MYGPDS
Positive,Positive, A2PD2ICG3FZEDI
Positive,Positive, A1KRF81GTI2KKT
Positive,Positive, A34N6T6TS50FJQ
Positive,Positive, ABB1FZNK8ZQA7
Positive,Positive, A1DPJ7U6W81M5O
Positive,Positive, A3SOPET62QAIBJ
Positive,Positive, A2ULFEEWSKCO49
Positive,Positive, A15RC6J7V86KXN
Positive,Positive, A5CNVTMYJXH53
Positive,Positive, A1PGDHGY0RSE81
Neutral,Positive, A19V29WTUN6T0S
Positive,Positive, A2CC8MLBSTMKPB
Positive,Positive, A3QNXQFQJMDIDT
Positive,Positive, ATJ2DI7JM1GWX
Positive,Positive, A3PEODPVX6KBOO
Positive,Positive, A3FIFD8Z4N1903
Positive,Positive, AKMGKY9XOZPEH
Positive,Positive, A3K2RYNRVRKI4H
Positive,Positive, AUAUCYYQKRXJE
Positive,Positive, A1121T1I50825Z
Neutral,Positive, AJEZKLK7ZPZUR
Negative,Neutral, A2KKGUL9KMNRX6
Positive,Negative, A1EEAAB9TXHPD7
Positive,Positive, ARAFAG3KHVVXN
Negative,Positive, ASQ8KNNP3A7FP
Positive,Positive, A2Y41GSDGNBVL7
Positive,Positive, A30MTYI1LQEB72
Positive,Positive, AN0V46QADEXEU
Positive,Positive, A1W2BD7WT7BENQ
Positive,Positive, A12XOW24VG926Q
Positive,Positive, A2HK3RUS54O4FP
Positive,Positive, A22XSG274MOM8H
Positive,Positive, A26KACI1TX95E3
Positive,Positive, A34DY212KXKUUK
Neutral,Neutral, AG47R3L6VJL5U
Positive,Negative, A5W8AEOXBYX7F
Positive,Positive, A2CUY1QSCBSKYZ
Positive,Positive, A3UMJKNBEOGLS8
Neutral,Negative, A19685KC5TI7HY
Positive,Positive, A1DQZ99QQL7YH6
Neutral,Positive, ALC4V6XX9J1DY
Positive,Positive, A1ACN4KMX7JB50
Positive,Positive, A2DBLTLQO0473X
Positive,Positive, A3SA965LNISO22
Positive,Positive, A2GG2I0CDMI3JK
Positive,Positive, A222MZORBOW431
Positive,Neutral, A17IF5WL1ABTGS
Neutral,Neutral, A072629938188J5Z3FJAG
Positive,Positive, A3A55IAQ5UNIYW
Positive,Positive, N/A
Positive,Positive, A4KM93KVF1FGY
Positive,Positive, A1C2VEE5FVIKJP
Positive,Positive, A3QJR243PD45N5
Positive,Positive, A36NDMJMGW39U4
Positive,Positive, ASP7FI5BO281G
Positive,Positive, AEDAHR4AI1VZX
Positive,Positive, A1JB5RGO2RPBY6
Positive,Positive, A28FQUWUGN2CV7
Positive,Neutral, A19NLAWQIJ011C
Positive,Positive, A8Q2Z7AVXN38N
Positive,Positive, A1PMHKZWZSS0KZ
Negative,Positive, A1VTC58K5MVIKQ
Negative,Positive, A3U8JIGTAYKPFG
Positive,Positive, A3MYY7DV4TDL6W
Positive,Positive, A2ISJ04OJ316OK
Positive,Positive, A29EFNCFEELB6S
Negative,Negative, A23NQCZXC49JKG
Positive,Positive, A3JQS5E7UYRO8F
Positive,Positive, A23X3FB3339QHL
Positive,Positive, A3RWTZBSQXXGHQ
Positive,Positive, A271LCTTUDNBG3
Positive,Positive, A1XC8WGD42HF0U
Positive,Positive, A1A6HLEOQL7UUF
Positive,Positive, A1SY9MDXGYR536
Positive,Positive, A3GBALRPEY85U2
Neutral,Positive, A3JETEWBO4QOL8
Negative,Positive, A2C05OHYJERICI
Negative,Positive, A1BJ21O2U245XT
Positive,Positive, A27NLXK2JBT717
Neutral,Positive, A34TJ34GGS8JMO
Negative,Positive, A1KAUXG3ZQJ5GE
Negative,Positive, A2HFFM2OOAEDRK
Positive,Positive, A1E3VDTQYUIKW1
Positive,Positive, A1H9UDLHYXFSEJ
Negative,Positive, A357JRXZV8JFN7
Positive,Positive, A1M6NWIL4HZ0QX
Positive,Positive, A3FHKLQKLNM48C
Positive,Positive, A23LKF3Z0VTQ61
Positive,Positive, A2DRB1L58N038E
Negative,Positive, A29F3K8U8HAU0W
Positive,Positive, A17527AYPUY8SL
Positive,Positive, A393NWOKG7CRGF
Positive,Positive, A3SA965LNISO22
Positive,Positive, A3JBRRR4NLMAUU
Positive,Positive, A3KZ51ZRUCOF59
Positive,Positive, A1NEW5DINIJ0PX
Neutral,Positive, AVNYPDZBMJM3A
Negative,Negative, A384K973V6HT6W
Positive,Positive, A1NZB2Z5SK2WC5
Positive,Positive, A1Z7CW4JZBIR3H
Positive,Positive, AI3JBM1WQCHL9
Positive,Positive, A3Z00W9YR7KAN
Positive,Positive, A3KGDB5IE4VTHZ
Neutral,Neutral, A2NG482GHW7ZEG
Negative,Negative, AEEKEP59N73R9
Positive,Positive, AWZ62BY6RWAKQ
Positive,Positive, N/A
Positive,Positive, A3I9387YNZEYC6
Positive,Positive, A2Q6L61IRDIV4
Positive,Positive, A1WIZF16FAU50P
Negative,Neutral, A2GUVPK3PUI6KI
Neutral,Positive, A225UWT247BBBH
Positive,Positive, AFSH58O25SRUX
Neutral,Positive, A2YR2N61GX07AL
Positive,Positive, N/A
Positive,Positive, A3KCZKQBD389M8
Positive,Positive, A2UCTF4S3505V9
Neutral,Positive, A3APDLE6O82FB9
Positive,Positive, A356YA71PEZQ3A
Positive,Positive, A5FF8W7YGI7HU
Negative,Negative, A26KOYSBJZSXHN
Positive,Positive, A2B8DW2V1P15YR
Positive,Positive, A1QL3XXSHKZL9F
Negative,Positive, A4OMGXRO92XMB
Positive,Positive, AZ3W4EMI9EP40
Neutral,Neutral, A23C3BZ96FWKTO
Positive,Positive, A2K7GB08D21N0Q
Positive,Positive, AQWSDIS5H3MHG
Neutral,Neutral, A2P5ADHOHT61SV
Positive,Positive, A2R6G4MSK71KHZ
Negative,Negative, A4GSKGKO7R0G5
Positive,Positive, A13AMF3QJK1S15
Positive,Positive, A25WRVSWWBYTVP
Positive,Positive, AQRPFAHMEK6Y5
Positive,Positive, A2OCXZCHPU6JP9
Negative,Neutral, A3JFS469SX1N8O
Positive,Positive, A8RP3ZW268BK2
Positive,Positive, A3M1A0L12ETE08
Positive,Positive, A3JNLRZ87FWLMY
Positive,Positive, AQZNJ93A39Q6W
Negative,Positive, A33FIB3222YCKX
Positive,Positive, A2IN36TFR9Z8JV
Positive,Positive, A2VMYAX42C6C5S
Negative,Negative, A3SJVFH973R1V
Positive,Positive, A2RC46PP6H608S
Positive,Positive, A2GQO91WO4TA0A
Positive,Positive, A3ESMWG5KSODBH
Neutral,Neutral, A3MVNYXHQBCLFQ
Neutral,Neutral, A3FTZYPI8CXJQ4
Positive,Positive, A14TUFLYFXB1M9
Positive,Positive, A3DXR016F7J2U2
Positive,Positive, A11D4JMRVXAG9P
Positive,Positive, A1Z2JJNFPDY8UT
Negative,Negative, A1SUSFO50OS8ZL
Positive,Positive, A1B93R0DI766I8
Negative,Negative, A2KV6FBKBA7W9T
Positive,Positive, A22PUBSSNP54L
Positive,Positive, A3LDQKEBL6SQUR
Positive,Positive, A1PLVEN3JDO7PL
Positive,Positive, A1S2B8CBV6H94U
Positive,Positive, AGJXKY9XQ2BD5
Positive,Positive, A2AVM3GPNCGT65
Neutral,Positive, A39NXZMFZOSHO6
Neutral,Neutral, A2K30SWFTKSTPM
Positive,Positive, A20GK2KA7KE7R5
Positive,Positive, A25DKY1R2VO5TX
Positive,Positive, A359EKBYB1JY8U
Positive,Positive, AEZM4GZ4V0AP6
Positive,Positive, A3C6U1Q4UWQJVO
Positive,Positive, A3HHVB6YO5SB53
Positive,Positive, A24FAVTER7682Z
Neutral,Positive, A3VM8VMV29YL13
Positive,Positive, A2E9GNGTVWWOKH
Positive,Positive, A26RAAW30IWJUQ
Positive,Positive, A1LJF0XG5RBOER
Neutral,Positive, A16AKSTCEJZIBQ
Neutral,Negative, A217CZW2JWRUIH
Positive,Positive, A38Z3PABIGW8RE
Positive,Positive, A1Z9ZTZ5H4M7NA
Positive,Positive, A8VAR3611S5QN
Positive,Positive, A1BR205QCCNS82
Negative,Negative, A2JFF999A1R7CV
Positive,Positive, A2JDNROW7GHLQG
Positive,Positive, A2CIHAGGFMSLH2
Positive,Positive, A3AF7N2N36PMA0
Positive,Positive, A1MSUGWJ0XC22Y
Positive,Positive, A132DHM60ICEJR
Positive,Positive, A1V7HWK7CTK4NE
Positive,Positive, AFKT62O9Z9CHS
Positive,Positive, A1HCZTJ5ALR9O2
Positive,Positive, A3DDMZHHR4VOKZ
Positive,Positive, A2TUR12I9VLLQS
Positive,Positive, AZLE2XFH3JUNG
Positive,Positive, APL5KIM53DU7Q
Positive,Positive, A2P1MS752Y21GL
Positive,Positive, AZ4EUUJVC8358
Positive,Positive, AP7G9X4SEPOYS
Positive,Positive, A2HB7TJ2Y3XDDM
Positive,Positive, AZNO4TCJM3D53
Positive,Positive, A1B9A533FJI5IU
Neutral,Negative, A3I8QJDXFWHOIR
Positive,Positive, A14A7B1WXUM300
Positive,Positive, A16VFOVMETA5NI
Positive,Positive, A3F2I39IPSJLD6
Neutral,Positive, ACDLQXEXUDFF1
Positive,Positive, AIC7IKPBPCKSR
Positive,Positive, AU2PPBOYZQPDS
Positive,Positive, AG7Q23Q5YHPE7
Neutral,Negative, A66AQAZPOXHDI
Positive,Positive, A34Z98FMJT0IHM
Positive,Positive, AX3DSWK3WK06K
Positive,Positive, A3SJRKF1WBYK1I
Positive,Positive, A12C8C0G1VLCZ5
Positive,Positive, A3KX6D4OWM5491
Positive,Positive, A3HT3ZTPEC05J1
Positive,Positive, A34B0AGKR9GEFZ
Negative,Positive, A1QQUTSF9DJ207
Negative,Positive, AFTJS5QY2L008
Positive,Positive, A1BJLYFJ6EYP4P
Negative,Positive, A2QPNP552QBU5E
Neutral,Negative, A1SMIWKC6L4J87
Positive,Positive, ARAMY0NLP82RN
Neutral,Negative, A8IMT6CGULT0U
Positive,Positive, AQ29YRWDG36XU
Negative,Neutral, A2JI6VWI3IZE57
Positive,Positive, A48SB1BOWF6V2
Neutral,Positive, A3BIPPTDNUZQ92
Positive,Positive, AOT92EWEO0WEB
Positive,Positive, A3EGFG8CTWES83
Positive,Positive, A3PVJT25LUHC61
Positive,Positive, A2344YBBW7MTTC
Positive,Positive, A3911JNH7G7LMN
Positive,Positive, A2FVIFZV3ECDN3
Neutral,Positive, A7YLGLYN17VRW
Positive,Positive, A16WONK7CHFE8Q
Positive,Positive, A28RFYFBWHXR0J
Positive,Positive, A18FO6832LOCKS
Positive,Positive, A3KT49AK0PXP8X
Positive,Positive, A19IMPNUL4VRQH
Positive,Positive, A2YWN2GXXX9F7M
Positive,Positive, A3LA95JDAXN9FW
Positive,Positive, A9J5SLYXUCWO1
Positive,Positive, A1OA8602LW35EG
Negative,Negative, A1Y958S09AFECU
Positive,Positive, A2YRBVJJO216MJ
Neutral,Positive, A3SASPYWGDY74P
Positive,Positive, A38MI4OLO9SKGP
Positive,Positive, A1E4OZJKA7X6S2
Positive,Negative, A3PQ08D5M0LCW7
Positive,Positive, A33BX1BKBAQB9O
Positive,Positive, AAZJAZJ78WUPL
Positive,Positive, A23ALNKSZSVBSJ
Positive,Positive, A3HK49P9VGHVGK
Neutral,Positive, A3V8GP1DH9MFT7
Positive,Positive, A323L675M1KVOX
Positive,Neutral, A1FI272JVGLOD9
Positive,Positive, A1T0NVVFZEWNXD
Positive,Positive, A1CI1AO15BWTXD
Neutral,Negative, AH53XPQNJI1RH
Positive,Positive, AKPAVXT4P4SP5
Positive,Positive, A3KDQYYG521EJH
Positive,Positive, A2YU7CUSFUZ6PO
Positive,Positive, A3SX0ESWPIQWAP
Positive,Positive, A3PMAC6FQG57E3
Positive,Positive, AHPOX584OCW9I
Positive,Positive, A3PJEMMVSJFGNZ
Positive,Positive, A2K9UY735P3GMW
Positive,Positive, AW2QS4UEE05IA
Negative,Positive, A2TOJ4R9JAMW3A
Positive,Positive, A110PQTEI6THU7
Positive,Positive, A1VGNISC5O19GK
Positive,Positive, A1K46B8FN58586
Positive,Positive, A1LEIPZ1ZQGDXB
Positive,Positive, A1SE9TLFPH1BE6
Neutral,Positive, A2WYECOMR0TP0L
Positive,Positive, A2I5PCHNQD4HT9
Positive,Positive, A3H0GS5MOAQZXB
Positive,Positive, A2KOO9RQYIWQZ8
Positive,Positive, A5W15LI8658NB
Positive,Positive, A15PMQXYI2OL6Y
Positive,Positive, A1ZFQZC6O7AS4U
Positive,Positive, A2AZMNIZL601PW
Positive,Positive, A1LXWNFS34G77L
Neutral,Positive, A1NJGMDNCGXVHS
Positive,Positive, A1HLQGGDUMVK7
Positive,Positive, A30C5LTML3Q810
Positive,Positive, A2LRHIBLXQ7XDV
Negative,Positive, A18SSRBBNSGHUF
Positive,Positive, A4HFLYXNYUJW3
Positive,Positive, A2OYX0PMG2Q18E
Positive,Positive, AZH9WE7AMA47V
Positive,Positive, A18PJZK918QIBM
Positive,Positive, A3CI7SSRSM80WS
Neutral,Positive, AMCN3688G2ERD
Positive,Positive, A3GBO54ZWC37TE
Neutral,Positive, N/A
Positive,Positive, AE7ENA5Q0KMNO
Positive,Positive, A3LLFQPUJPP0FT
Positive,Positive, A3HBX76MQIJA9Y
Positive,Positive, A2INWY60GIE8CV
Positive,Positive, A3N4ZOH7VUFH2Z
Positive,Positive, A3HPCRD9RX351S
Positive,Positive, A2NXZIPVAKDF47
Positive,Positive, A2AZDSH6BUTUK5
Positive,Positive, A1I090FC32L88Q
Positive,Positive, AIM73KEH090J9
Positive,Positive, A1COZ8USA4RICX
Neutral,Positive, ANMA1H8LGEVBF
Neutral,Positive, A3CL87508DKQAK
Positive,Positive, AYMRN27MH5IJ0
Positive,Positive, A2TN21PJTO0Y3F
Positive,Positive, A3OII0MPCAWWN7
Negative,Positive, A3FNRKNEZVKMGN
Positive,Positive, A37YC3FM7L9GHS
Positive,Positive, A10QSRM9MZQ2W
Positive,Positive, A3JZ2X44HYIGU3
Positive,Positive, A377NTRB2X56M8
Positive,Positive, AN2D05KLTRR7X
Positive,Positive, A2FGMSTCM450ZS
Positive,Positive, A7UWEHE9709W4
Positive,Positive, A22DRQMROONYOK
Positive,Positive, A352F0UVL50GS7
Positive,Positive, A3JN5O5OWK8TLX
Positive,Positive, A2I7BO8DNNNWEZ
Positive,Positive, A1Y6B5T6G3B82N
Positive,Positive, ADM6IIVV6580D
Positive,Positive, A1XLJUPLCY0FGU
Positive,Positive, A2247U387EQXTA
Positive,Positive, A1VVPUVE0TOQ85
Negative,Positive, A2A0RZVPYCO3BN
Positive,Neutral, A2UHSQXGP85K03
Positive,Positive, AMBP2EK9W5N33
Positive,Positive, A3RO8FPGA2UBB0
Positive,Positive, A3MQ6KC1VGUGJJ
Positive,Positive, A121RX055JB2VV
Positive,Positive, A9MO50Q2MMJR3
Positive,Positive, A4EF1XNV77YZ0
Positive,Positive, ADBE9ZCAGUID3
Positive,Positive, A2LCUPF7SV1OF2
Positive,Positive, A35QWYGO92KVST
Positive,Positive, A200KG6INYGHQV
Positive,Positive, A3W3W4IRA2K6EV
Positive,Positive, A52CY4Q0ZW633
Positive,Positive, A265S6DC1KZGC
Positive,Positive, A16ZWV2E1MYONO
Positive,Positive, A2ZB8PVMYD2CDB
Neutral,Positive, A3MSMO6WKS3JCF
Positive,Positive, A2T3I3WIL8VJ5V
Positive,Positive, A1W7B4SSPM6D1K
Positive,Positive, A1OO5DDNTQ21VO
Positive,Positive, A20NJP3U2WB50B
Neutral,Positive, A2BZQTN54O4EQ0
Positive,Positive, A1JVEOIYFZO6T0
Positive,Positive, A5C3A8XWVO7ZR
Negative,Positive, A3HGNWF3WQL03V
Positive,Positive, A2QH6QB7C5BFRC
Positive,Positive, A3A7R3L3M2Q6Y6
Neutral,Positive, A1XE48AOKSP0R3
Positive,Positive, AO4ND0X9OK9QU
Positive,Negative, A27HX4XE6VI5I9
Positive,Neutral, A1UDLVS9RFC02K
Positive,Positive, A3C7VY77OTBIWH
Neutral,Positive, A2HO6KNIIWBTE7
Positive,Positive, A30721XTUTOB39
Positive,Positive, A3M43KVOV0A95A
Positive,Positive, A1OY4E9FOKC3K7
Positive,Positive, A3MUNDPOX4XXCY
Positive,Positive, AIUZT213W0WDE
Positive,Positive, A3CO21Z3NAIGYQ
Positive,Positive, AH1QIUZWQCCJK
Positive,Positive, AMMVIYOOOMY4U
Negative,Positive, A81QB3C78LNFD
Positive,Positive, A2W6KIPNDX3WSX
Positive,Positive, A305GY9YZTQEB
Positive,Positive, A1C4BP2X5951F9
Positive,Positive, A2XR4J8O43HQT6
Neutral,Negative, A2PJ11TZKGW0BT
Positive,Positive, A3J62XTTXK7NP
Positive,Positive, A35OA9ML9PR4QI
Positive,Positive, AQQEX6J7MDGTZ
Positive,Positive, A3L4Y10A53WW2Z
Positive,Negative, A34IRO152HBC2J
Positive,Positive, AGTG9DQ8WSAEG
Positive,Positive, A30UG6YVZW4KZS
Positive,Positive, AGBR49KMG8CRC
Positive,Positive, A2SFSVOVMTNMX4
Negative,Neutral, A26GZECUMTXAB8
Positive,Positive, A23LY9X6WRM967
Positive,Positive, N/A
Positive,Positive, A3VZ6KDW938C4F
Positive,Positive, A3S88K2OQ5JGWB
Positive,Positive, A2Y26RDRLD8K4C
Positive,Positive, A3PP6T6DIV6RIM
Neutral,Negative, A3CXA93F9EY0P5
Positive,Positive, A1DRW3LOZANL64
Positive,Positive, A1AMJWGHBQ73FN
Positive,Neutral, AAOX0VH9CAC3Z
Negative,Positive, A38KANY0TEEFLI
Positive,Positive, A383NIRQF5K1YZ
Neutral,Positive, A32KNCTY2HCHRH
Positive,Positive, A30VN356UQRX75
Positive,Positive, A6KTOFQIE8MZS
Positive,Positive, A1FDBOXP9PHVFT
Positive,Positive, A2UDCRAG27H46B
Positive,Negative, A33XTTSIRIDL0W
Negative,Positive, A18A7NNIW8NK7V
Positive,Positive, A2A6ID6VCH9JUR
Positive,Positive, A2Y4U7E5W76FN1
Positive,Positive, AGTL59ZH6Y3YP
Positive,Positive, A2TTSF8C2ASRE1
Positive,Positive, A32PHUJ7W4NREL
Positive,Positive, A3C7EXX5AE7GNX
Positive,Positive, A2VY41W68T0GNP
Neutral,Positive, A1Y5IIV2BOS61R
Neutral,Positive, A3GRPCW9DG427Z
Positive,Positive, A17TMCG03103C2
Positive,Positive, A2831714DK8L8G
Positive,Positive, A10YOV64YSOJHG
Positive,Positive, A2A9FPHWNMEWWL
Positive,Positive, A2F937I4Q2L3BS
Positive,Positive, A219TZGE4MYH6Y
Positive,Positive, A3G2PCDX8BSV9L
Negative,Negative, A1YSD3423Y03RH
Positive,Positive, A2GBB8RGGDYAZN
Negative,Negative, A3AD7QOUI4RA59
Positive,Positive, A2AZOBF45HJ3S0
Positive,Positive, A2KRT98VAEPMVH
Neutral,Negative, AHUP63N9KZBN
Neutral,Neutral, A36DPGSG632DRE
Positive,Positive, A2Q6Z7S6HQ58NB
Positive,Positive, A1JUADRLZZSEYL
Negative,Positive, A1IM6B12DGJY0Y
Positive,Positive, A1Z4NF2GJSGIJM
Neutral,Positive, A2065HBMYDXJ1S
Positive,Positive, A3K5C0PECXWT4M
Neutral,Negative, A2G0DB2EZPYYB9
Positive,Positive, A1NEVKEMB4B7L5
Neutral,Positive, A2U5E89OAL1NMY
Positive,Positive, A3U7J5NNINSD2O
Neutral,Positive, AJOFJ1LCBVDC1
Negative,Positive, A2TIMHWH3A8MTJ
Positive,Positive, A21P4A8PHWRSIT
Positive,Positive, A1HE4I8ERM0RY1
Negative,Positive, AIC79SOS3W9PB
Positive,Positive, A1LFNIG84UZ9BL
Positive,Positive, A21Q6OLVOOBCMQ
Positive,Positive, AXWMO5UBBT6Q2
Positive,Positive, A10ECMRTKPHWNX
Neutral,Positive, A7EMZEJK9DCQM
Positive,Positive, A33ZIVOZ7XRFTA
Positive,Positive, A38B14WGWPQA4A
Positive,Positive, A3BP1OYSR3XQQQ
Positive,Positive, AGDHXNTAYMGLO
Negative,Positive, A33V9IFP3HGNHA
Positive,Positive, A3AR7GMJFCM0Y3
Positive,Positive, A2O6F9DM5PQ9SD
Positive,Positive, A1ZDP5PMM6RTSO
Positive,Positive, A17APETXI65FPR
Positive,Positive, A1CKVPMTTF6N4N
Positive,Positive, A2JA4WPUPD5LGR
Positive,Positive, AVHXOZF1NMM3A
Positive,Positive, A257IE7KDFKYGM
Positive,Positive, AY9WNGVK06DTV
Positive,Positive, A38P3F25AA6VDX
Positive,Positive, A2R52STS7M99DV
Positive,Positive, A2QZEZNLOFWZ4L
Positive,Positive, A10HESJQHIGG91
Positive,Positive, A3SBZLNQ2XR9XL
Positive,Positive, A382R9YORQXDAG
Positive,Positive, A2SCFFFMZJJOI4
Positive,Positive, AXGAMKR1BEJYO
Positive,Positive, A255KXOCVKBLJM
Positive,Positive, A1BE3C5Q35MEE0
Positive,Positive, AQ0TICXFUWF6Q
Positive,Positive, A5PJWQY0GBR75
Positive,Positive, A3PVN61HD3KXLS
Neutral,Positive, A3F6QYRHQJWLTF
Negative,Positive, A2UBYCDYUZVG44
Positive,Positive, A16JJD6MHMRNZP
Positive,Positive, A386460N0U8HFI
Positive,Positive, A1N9X6903ZU0RG
Positive,Positive, ADF1QXJ5PN7ZU
Negative,Negative, A1J6L1EXIM8PVW
Positive,Positive, A1Z7FZP81N8CDU
Positive,Positive, A2WBXLS2F88ICN
Positive,Positive, A2RP9E6ETEXP7U
Positive,Positive, A3EJGJSZ3XCK5Y
Negative,Positive, A1NLO9P3FKZAPJ
Positive,Negative, A58BJ8JYJDWXQ
Positive,Positive, AZUG15C87G5LC
Positive,Positive, A59L75ZUTEN6M
Negative,Neutral, A2ULVZLP7NN4BN
Positive,Positive, A2YX73GXFZY238
Positive,Positive, ARYNXOPRRFFLX
Positive,Negative, A29BQZ7NDQUW6U
Positive,Positive, A19R1NYBJDSSS6
Positive,Positive, A253NM69FH5RXK
Neutral,Neutral, A3D5TWG8UVYCCP
Negative,Negative, A12HLXXHQ8QEE2
Positive,Positive, A3H5SYE891C74Z
Positive,Positive, AKF8YO9AOT15C
Positive,Positive, A4UWWIYC9R86N
Positive,Positive, AJFZNGNDG9QTH
Neutral,Positive, AU0S2Z7BA22V5
Positive,Positive, A2V41CFSU9RCHS
Positive,Positive, A3D7VU50F6S6K8
Positive,Positive, A3AHVCA0WKOSUI
Positive,Positive, A1MG5604XQB8X4
Negative,Negative, A2GJNGCR0OJY9Q
Negative,Negative, A39Q9S6XQDEA2O
Positive,Neutral, A3D9UZUCX9EVMC
Positive,Positive, A5SLHH3PQTBLN
Positive,Positive, AMMZQQ5M5BD5Q
Positive,Positive, A18MR1G67689HV
Positive,Positive, A351DOAHRDHWFH
Positive,Positive, A14WA753ZM26S5
Negative,Neutral, AI36K8B85XMWY
Positive,Positive, AH4L0WGP61WJ4
Positive,Positive, A2SG7OWB78VUT5
Positive,Positive, A24ZJTIGVY5N1S
Positive,Positive, A2OFTKFVLCJS71
Neutral,Positive, A2BSY3GF0DK5QW
Positive,Positive, A1BU218P0CASXN
Positive,Positive, A366L7DIAMD83K
Positive,Positive, A16EI1FL7I516R
Positive,Positive, A2V19Q2OFF25OS
Neutral,Positive, A1A6VE0O1E6WEQ
Positive,Positive, A3V1JHRWLS1YLT
Positive,Positive, A2T8AA3D2KAYTU
Negative,Negative, A3L38GWMTBNPFV
Positive,Neutral, A36T2OVOQDDM33
Negative,Positive, A17V9XL4CWTQ6G
Negative,Positive, AAQLQFGG6AG8R
Positive,Positive, A1VYGJENK1QJPQ
Positive,Positive, A3GGCV7T8QGIWK
Positive,Positive, AR9Z3EGDDFSC4
Positive,Positive, A2LX6S8QYJBSDV
Positive,Positive, A2QWMJBI3Y4CCI
Positive,Positive, A24LDFUAY9N058
Neutral,Positive, A3HE8L7GXDR79I
Positive,Positive, AYRWEX5YPSA4Y
Positive,Positive, ABG0PVGPE6NM4
Positive,Positive, A2VKP69F58A1QT
Positive,Positive, A1ITX8XFNIE0H2
Positive,Positive, A2WFZ0WKRZJ3KM
Positive,Positive, ASO1QPP2B7OGR
Negative,Positive, A1A6LRTSVJ562L
Positive,Positive, A1FBCP8IQU0MUY
Positive,Positive, A12SVK8MWRMONN
Negative,Positive, A28XGZTO8WGHJF
Positive,Positive, A1GCKZZWT52T1I
Positive,Positive, A39B727XL4WI48
Positive,Positive, A3EQ9T731SMAKL
Positive,Positive, ACV8WEPU7OOWY
Positive,Positive, A1T0DFUEZ7D6L3
Negative,Positive, AOY0GPYQBJP4C
Positive,Positive, A2ORMYMN6THZHN
Positive,Positive, A1HECVWXANAI7Q
Positive,Positive, A3FE6XEUGHX47H
Positive,Positive, AUDQWMBWV44HS
Positive,Positive, A2ROBO96G69ABZ
Neutral,Positive, A3OADJ9KM36GO0
Positive,Positive, A1MT9I4QGVH3AS
Positive,Positive, A2L495XLLOVX3K
Positive,Positive, A9APN4HXMMX5G
Positive,Positive, A3LZLLDQYYQ4MA
Positive,Positive, A3TX00073C7HUR
Positive,Positive, A4VIJOTMJGBV6
Positive,Positive, AOMGNG8UXS160
Positive,Positive, A3QLS510P01WZ1
Positive,Positive, AKMSL10ZIGJT6
Neutral,Positive, A2DHAWJ96QTVIX
Positive,Positive, A2CWS03OY40XUZ
Positive,Positive, A1W0XLHMQNF6PU
Neutral,Negative, A3CBKNR44XR5W2
Neutral,Positive, AHX4INECE3HQW
Negative,Negative, A1XJVM30RH4H0R
Positive,Positive, AZR10WSWFD4B5
Positive,Positive, ACZ6ZUZSH89YZ
Positive,Positive, A26628U87XQR0F
Positive,Neutral, A18CDSYI28IU8I
Positive,Positive, AW6QMMJQ0Z9LD
Positive,Positive, A2X3H6U756MCX6
Negative,Negative, A2IE3XVSXL038Z
Positive,Positive, A1QJYBZUVHX87O
Positive,Positive, ALQMSBOM09049
Positive,Positive, A1PZC9YU0DLJ8R
Positive,Positive, A3CPBLALM1EDKU
Positive,Positive, A1JDU70ON9UWCA
Positive,Positive, A1LRZ1HR4IMJ1U
Positive,Positive, A4V3HIPMAY8J9
Positive,Positive, A33I3SHC17044G
Positive,Positive, A534XOAZHS2EG
Positive,Positive, A2OMLIFFY9JIIB
Positive,Negative, A3O6GPD1OA6R68
Positive,Positive, A3PG0R0OAHMDA7
Positive,Neutral, A2G6MTS83KGNS0
Negative,Neutral, AWDLXJW6BZ2VE
Positive,Positive, A2OMT3XPOJLKIE
Positive,Positive, AS12Y2OB44BOD
Positive,Neutral, A3LQTR9BHWRKZT
Positive,Positive, A249Z46F4NDKJ7
Positive,Positive, A1CUWVUIEVE778
Positive,Positive, A346QGBLBYIGSZ
Neutral,Positive, A2KEV6HXQKDBWO
Positive,Positive, A3IJEKHFY9QUK0
Positive,Positive, A3J64LR3KUQ5SS
Positive,Positive, A33PUWO5FCHXVU
Positive,Positive, A28ZUNQKMLFG3S
Positive,Positive, A1XCSX5F6N8AYK
Positive,Positive, A1SIXCBIVAB0SO
Positive,Positive, A1HLGQXEOOMLM
Positive,Positive, A130HMAGANHHH3
Positive,Positive, A1Y1CCGV9PKDKE
Positive,Positive, A3M2MWMDP1W348
Positive,Positive, A14N7FVV68VXXJ
Positive,Positive, ATA6R3D8Z9XQL
Neutral,Positive, A39I4MMG90RXYF
Positive,Positive, A2HRHF83I3NDGT
Neutral,Neutral, A2YEPYHZ4RDPT2
Positive,Positive, A16HOJ2SLNHA62
Positive,Positive, A2256XQAA1L8V8
Positive,Positive, A1PYFQW3ETVB0Y
Positive,Positive, A3IVTAT62XST8A
Positive,Positive, A3ED4TO8S2W9Y
Negative,Positive, A1QFXGHJ9CTI7T
Positive,Positive, A2J3GS8TEGV4IC
Neutral,Positive, AH5V4L3XW6C8P
Positive,Positive, A39AG7Y2CAMNLW
Positive,Positive, A36A9YCOC9ZD3G
Positive,Positive, A17I60V850VYOC
Positive,Positive, A6WC2ZEALVULT
Positive,Positive, A14OGLVZ9VJDVI
Positive,Positive, A229XCOKGRLPU9
Neutral,Neutral, A4OIUZ2DWRVE0
Positive,Positive, A3VSXCJ0AE37CH
Positive,Positive, AK7MLZ8TW48L6
Positive,Positive, A9UR3VXONYJKV
Negative,Positive, A2PQHZID1CIDK5
Positive,Positive, A18SYI63ZNY9FX
Positive,Positive, A11KGQC7V5TXPM
Neutral,Neutral, A223MV1QRORKP8
Positive,Positive, A1QHKKF38F40W6
Positive,Positive, A3LLFQPUJPP0FT
Positive,Positive, A3ETD901YLD26M
Neutral,Positive, A1QDRGUHQI9NZ3
Positive,Positive, A3L372UP54ZZ51
Positive,Positive, A39294YM6J546H
Negative,Positive, A2TDVN0YNOZCBQ
Positive,Positive, A128HCUCW80BJ5
Positive,Positive, A3CHSNGR3TOE3H
Positive,Positive, A24DILCLG09VMH
Positive,Positive, A1TD18FF4CC5TD
Positive,Positive, A20XPF44ZJEWMN
Positive,Positive, AWPO9434PB6T3
Positive,Positive, A32XRWMTI3H6GZ
Positive,Positive, AHTODXM7A9FJK
Positive,Positive, AB69YVKO9WWJX
Negative,Negative, A1X4BKH887PA8Z
Positive,Negative, AS10OYJPOXFNR
Neutral,Positive, A1ZS78VULYT6X9
Positive,Positive, A2A52EATFDQJ1P
Positive,Positive, ARHMT83UZ40EK
Negative,Positive, AVH94LMMMVXSO
Positive,Positive, A2B2HU077GBGJG
Positive,Positive, A24Q988373325Z
Neutral,Neutral, AE1B9I9PVQQP9
Positive,Positive, A3M04CVT5CZJHG
Positive,Positive, A1KFAY7HLC27XW
Positive,Positive, AYQQOW0VR0YF5
Positive,Positive, A2Z91CCYND00UA
Positive,Positive, ASI5N8ZICLHPH
Positive,Positive, A3JXB3HQDIVXJM
Positive,Positive, AHGDSZCD88EIQ
Positive,Positive, AMLJLHHSMGOFU
Positive,Positive, A35G1VVTDH0RVC
Positive,Positive, A30CB5LCKQXOAE
Positive,Positive, A28X4XOPE0A8FD
Positive,Positive, A3MSB7N678O962
Negative,Neutral, AWUGC72OT4HBY
Negative,Neutral, AU7VU6KVWBAI8
Positive,Positive, N/A
Positive,Positive, A101WXKC79HSOQ
Neutral,Neutral, A1NP6IUXZIGN30
Positive,Positive, AAIRR89N7E9RU
Negative,Negative, A39TL43YPY0CCU
Positive,Positive, A38A40PV4KBNT5
Positive,Positive, A33YM8ZG7GE6B5
Neutral,Positive, A29UKZ4VMBGPTR
Neutral,Positive, A3AE19SGK0GOP
Positive,Positive, AZS1K69EK9HWX
Positive,Positive, A1SL9YIUDV8QKQ
Positive,Positive, A18TOZ8633JCXK
Positive,Positive, A16VJM7PAIVK9F
Positive,Positive, A2QPP7MAUXOR3E
Positive,Neutral, A2UU2ENHGEBHQJ
Positive,Positive, A11VMM7U6NKVV
Positive,Positive, A3VDM6OBKNRVWI
Positive,Positive, A3JGGRXPD9TFG
Positive,Positive, A2L1M592NFYTR5
Negative,Negative, A155HFDB75CBA4
Positive,Positive, AP90IUYCU4LPS
Negative,Positive, AYOOA8ADCMQII
Positive,Positive, AM9WV07X6X2ZV
Positive,Negative, AB6XCNCLUPOXK
Positive,Positive, A2SQI5NLZFGF85
Positive,Positive, A1XQ7Y5DYP94R
Positive,Positive, A3Q1VGLTLNLQ90
Positive,Positive, A26GC0M4E2TZ5U
Positive,Positive, A3IVXJ8NXIR9R0
Positive,Positive, A3MG2BSTQFPUNA
Positive,Positive, AD4MTUYPVTPYA
Positive,Positive, A1AKAX4S10ZIL7
Positive,Positive, A3OE2A6CJI9EV8
Positive,Positive, A1B01YPP08U1TW
Neutral,Positive, A36IVQK813HIUQ
Positive,Positive, A2JUU1JY9EXL9D
Positive,Positive, A1AD1N3GN314GE
Positive,Positive, A141WC0TY1PB6L
Positive,Positive, AA29EBRV21FW9
Positive,Positive, A11DM9YD6PBT8Z
Positive,Positive, A3K98MMQU4KB8Q
Positive,Positive, A3LI62OP5362Q8
Positive,Positive, A3T3MIZ1EXL4DC
Positive,Positive, A3OK2WYHRCYNLE
Positive,Positive, A1L6NO1GUE0BS3
Positive,Positive, A332J7GHVRHYMJ
Positive,Positive, A2VJXKQBL8PGJT
Positive,Positive, A2QJCQSBKEZ7F
Positive,Positive, A3VJBF5GLVKVX8
Neutral,Positive, A1W0OBETHH1RJD
Positive,Positive, A1KMN73MF5DJGP
Neutral,Positive, ASGT8FHCRPY9Z
Negative,Negative, A1REAQG03D9ZWW
Negative,Negative, A25Y22XPPLGPF8
Positive,Positive, A3AMQ2KIZGI0F9
Positive,Positive, A3JNX4PGTMR8AL
Positive,Positive, A2WR2BM2JX20IR
Positive,Positive, A2Y8HJWFEJ02ZD
Positive,Positive, A15MJB3USB0XTI
Positive,Positive, A3JSZTNJ469AF2
Negative,Positive, A2VO06P7MHT6Y4
Positive,Positive, A2GB5L0YTPD13T
Negative,Positive, A1K31E7YNVQRIT
Positive,Positive, A2AM7592UJANYG
Positive,Positive, A19J1M45P7Q9X3
Positive,Positive, A3ILJUAT08YPXV
Positive,Neutral, A3RR4R0YLILZ5L
Neutral,Positive, A1922JE21VI1G8
Positive,Positive, A21PFY5AJL411B
Positive,Positive, AZ94FVPAZ8QSB
Positive,Positive, A3UKEP00PT7Z80
Positive,Positive, AVNQT5V63P94K
Positive,Positive, A1R597885ZDXDW
Positive,Positive, A23JBMJ4JEW2SE
Negative,Negative, AMLLGCP82ZO7C
Neutral,Negative, A3TYR1ALBZ2EU9
Neutral,Positive, A3VU2ORN74FCQ4
Positive,Positive, A3MYETQTYEKQ97
Positive,Positive, A30QXNAAWUSPI4
Neutral,Positive, A2372RSNXPXUYF
Neutral,Positive, A97V8G46VMKKG
Positive,Positive, A32VIHALKA4IK9
Negative,Positive, A2FRAS05LEI6JJ
Positive,Positive, A3PKTMFSH0NBQT
Positive,Positive, A2Q9AEYIBUG2WQ
Neutral,Positive, A27SG7T7Q99OC3
Negative,Positive, A5IBP9JK8VI8W
Positive,Positive, A3PO3YRFX4BI2J
Positive,Positive, A37IS01BBTNBYF
Positive,Positive, A1XZF87MRCB8QP
Positive,Positive, A23RK31HI945OU
Positive,Positive, A1IPC7HERVQO7J
Positive,Positive, A3SRFGI7MCXQVI
Positive,Positive, A2OR7024RMRBF
Positive,Positive, A10NBKYMEL0TYO
Positive,Positive, A36EA1CJ4EBZVO
Neutral,Positive, A1N6VNFI5MEPK9
Positive,Positive, A2JD5TQ7U8KSNA
Positive,Positive, A34BN42IWEL5OS
Positive,Positive, A2327U3ZDRYTEU
Positive,Positive, A11LNMBM7VL5XT
Positive,Positive, A26XBPRLVUA5FY
Negative,Positive, A1EFA6613XOCRT
Positive,Positive, A3VRNEH9397AIS
Negative,Positive, A3ROGN8OGFSYG6
Positive,Positive, A2MVPPOFCCJP0U
Positive,Positive, A1LC94YKV7TOLD
Positive,Positive, AJHZTBDB0BRRG
Positive,Positive, A3IN6FQGAP2KON
Positive,Positive, A3G2OWFD1U2CXI
Positive,Positive, A1648D2UJDFQQ0
Positive,Positive, A1ZKOU8U6KWIXM
Positive,Positive, A3R1VI8V0M5IVL
Positive,Neutral, A84SIUM0F6E8H
Negative,Positive, A1YJGSVXNAU9SD
Positive,Positive, A2FGNDZXA6YD4D
Neutral,Negative, A27JN6YTEO133L
Positive,Positive, A35250PJC0E6MW
Positive,Positive, A1HM0BCK31AQOH
Positive,Positive, A3ESG4OA8HW1V
Positive,Positive, ABUKIQZKI6YVG
Positive,Positive, A2SGEBSDQEGVQK
Positive,Positive, AGTOI20AFSIM4
Negative,Positive, A37T0XPJKSPDKG
Positive,Positive, AXXLCT47O9SGR
Positive,Positive, AMGXKYR7BLB1G
Positive,Positive, A3S2PSX5ZKZA65
Negative,Negative, A1WNFHO1II5YN4
Positive,Positive, A326B7HKAS1Q6D
Positive,Negative, A2BFAGNNQ9R5X4
Positive,Positive, ALQ0D4Y996CE6
Positive,Positive, A375NF45A1MDWI
Positive,Positive, A1446RFIQGF0BN
Positive,Positive, A2BDQJYQKBMBLK
Positive,Positive, A3LLLRGP4OOCFI
Positive,Positive, A3EVN0EZKVARZO
Positive,Neutral, A1365BZZ6NTK48
Positive,Positive, A1Q5P1CS2IW8HK
Positive,Positive, A3BQCNNSPPNHU0
Positive,Positive, A1U3PUHN5NLC1D
Positive,Positive, A3P16UAQFFFUM4
Positive,Positive, A35QX9D4S9OPTJ
Positive,Positive, A13X9D5L73EMH2
Positive,Neutral, A17T4RGOVR8EE9
Positive,Positive, A3PK3Y44MYI8EN
Negative,Positive, A3UHFQT4E3R2D3
Positive,Positive, A1O08OUZRR0EF4
Positive,Positive, A17XO8CPH3G37N
Negative,Negative, A2U45LZBLDAC4E
Positive,Positive, A129DC67W7DK75
Positive,Positive, A31N4Z2TFPYGY3
Negative,Negative, N/A
Positive,Positive, A1TEWETH52JHCY
Positive,Positive, A33KMLS7KR64MC
Negative,Negative, A2C8HGJED5ECR2
Positive,Positive, AH8CRFZMQ5BH2
Negative,Positive, A1IN9LVY9QL620
Positive,Positive, A1BXXKW4M6NJ3A
Positive,Positive, A3TESTVQQ0LXK1
Positive,Positive, A1RDH1PUEC58JI
Positive,Positive, A1JNGE2D4808DL
Neutral,Positive, AE8REIET7W3L0
Positive,Positive, A1UUKL7ZDTP1I1
Neutral,Negative, A1DCRF9L9BM5NZ
Negative,Positive, AH1E51JMQY635
Positive,Neutral, A1EJ6PYZIALOQ7
Positive,Positive, A2PCRN1XAL7N6L
Positive,Positive, A38UO7P7BVYUH4
Positive,Positive, A2MVE7XM880N0N
Positive,Positive, AZTSIIUVD4E80
Neutral,Positive, A2MOG2KAISI721
Positive,Positive, A2XN3MNIRQYUJA
Negative,Negative, A3CRGYJBSII8WZ
Neutral,Neutral, AW3D9DC4PZEI1
Positive,Positive, A2FXMO7VFH0KT6
Neutral,Positive, A1MWH9MSTJCJPZ
Positive,Positive, A3DTZTXDHK08EF
Positive,Positive, A3SY60P9IUJ0RR
Negative,Negative, ABVMB0PPO7URK
Positive,Positive, ARMIN1WPWEIWD
Positive,Positive, A2N3HRFL6XBSU9
Positive,Neutral, A06006374PYPRHFXXGR2
Positive,Positive, A238ZN01L3WEDV
Positive,Positive, A299GTZJU1BNNJ
Neutral,Neutral, AOHPHPNMSLDFJ
Positive,Positive, A3ECTZQ50TB2T9
Positive,Positive, ABN8MQFZMJT03
Positive,Neutral, A3SENU1ZJV3P6L
Positive,Positive, AO9OLJEE1KN0S
Positive,Positive, A1FGB2E9MBS5YV
Positive,Positive, A1BIWJHZ0M08PA
Neutral,Neutral, A31U4VQ5RP26EK
Positive,Positive, AJP3H8F7ZCN0A
Positive,Positive, A1UJUCXF6NN676
Positive,Neutral, A19PJ0JHHL554W
Positive,Positive, A3CBSIAWCX8Y88
Positive,Positive, AO0DWHCTSR9ZL
Positive,Positive, AU33FV7RX2TQR
Positive,Positive, AYGZWHJUDIS4B
Positive,Positive, A3LOA02LJOBHZQ
Positive,Positive, A16TRKNYOSR73Y
Positive,Positive, A35CSFNDX64WY
Positive,Positive, A2S58GW499LAZX
Positive,Positive, A1AHOALB9Z3ZOR
Positive,Positive, A2CUV5HLP3Q3AF
Positive,Positive, AR6BE287KMA71
Positive,Positive, A2WNH3H0HK72BR
Negative,Positive, A2NRROLN07UK4Y
Positive,Positive, A12I22W23OQCM2
Positive,Positive, N/A
Neutral,Positive, AGNC8SRVJLSXL
Negative,Positive, A3I64V4AR136KY
Positive,Positive, A18381FU6W5716
Positive,Positive, AARE59FEMBQWC
Positive,Positive, A2N5PRVB9NJY9W
Positive,Positive, A2FTRVXTDI9YS
Positive,Positive, A4KGENWFGE812
Positive,Positive, A2NOW4U7W3F7RI
Positive,Positive, A2DO82IVRXHWWP
Positive,Positive, AY3O17MW31BYG
Positive,Positive, A23VA60AUZSIEW
Positive,Positive, A2D7WXZGY5LJM7
Positive,Positive, ARF6NZ2PH6MCB
Positive,Positive, A2CT286DMVAWOG
Positive,Positive, A3FA78E0G3G4GQ
Positive,Positive, A1LNJ94T3LLOS8
Positive,Positive, A31LMRK69XIIMU
Neutral,Negative, A3MTOHV8ZYF7AQ
Positive,Positive, A1ZIL99LRIU4C0
Neutral,Positive, A33JYSYVQ8GEPY
Negative,Neutral, A3FUDYT18VOZK8
Positive,Positive, A1PC20KWWW1UVD
Positive,Positive, A2K85DG6CCRWFP
Positive,Neutral, A1U7SFY0J82WZ8
Positive,Neutral, A18CCW8GHTEF9C
Positive,Positive, A8SC6QMQ4ASUU
Positive,Positive, A7DJY05OVLR1H
Positive,Positive, A2KVCZP7QD62Z1
Positive,Positive, AV1ZX8JV8FSCY
Positive,Positive, A10RN92S0XE4G5
Positive,Positive, A2O4XPP9UKP9B5
Positive,Positive, AA2IYTJOBD570
Negative,Positive, A3PHJQRDY9BRR1
Positive,Positive, A2IG4P8GE38XSP
Positive,Positive, A1664K1NEY0Q6P
Negative,Negative, A3TUHKA1APCBZ4
Positive,Positive, A127NYPMASKWFS
Positive,Positive, AACQ1EIUB4YDF
Negative,Negative, A2CTBPZ2X3TSEZ
Positive,Positive, A39PQ39S2JT1QE
Neutral,Negative, A3IBDLZ98GQXLO
Positive,Positive, A28A4UJ9P4EH6M
Positive,Positive, A3600JQLUA44YJ
Positive,Negative, A3UNCN7555S98F
Positive,Positive, A1LTJCQGRPTOTD
Positive,Positive, A2AWO7F34VHUW
Positive,Positive, AEVIPJ5HWN7SJ
Positive,Positive, AW2QS4UEE05IA
Positive,Positive, AZYX5K95IJOO8
Positive,Neutral, A2UG1C0JPPL6GY
Positive,Neutral, A3J2S4H8NTM474
Positive,Positive, A1SD2YAWOKTLIW
Neutral,Positive, A3B01P92C4RQLM
Negative,Negative, A3D4HSWCZ9A4LX
Positive,Positive, A18USYALJVB6VF
Negative,Positive, A2BH3N8UM4MP62
Positive,Positive, A2HBLY0BLDGQ0F
Positive,Positive, A1EBHVV5QL4FXQ
Positive,Positive, ADI6PGLLK3CU3
Negative,Positive, AQ91211CATCDZ
Positive,Positive, AUEKX1OGXDH2W
Positive,Positive, A2XWLY5XBBJM6L
Positive,Positive, A1BHGM0FFMMK6H
Positive,Positive, AKVQFTIEQEC1T
Positive,Positive, A2M3S3ZQ1SOTS
Negative,Negative, AED8TV9S8WLLN
Positive,Positive, A14PIHIKHXJZ7C
Positive,Positive, AYEE96J6GQM57
Positive,Positive, A1L0VF7N102BD0
Positive,Positive, A37PWBALJATFLF
Neutral,Neutral, A3R7Q5LTMSQ2II
Negative,Positive, AA731OM2RMNMY
Negative,Positive, A7JLPVS4J3DFD
Positive,Positive, A17PBUVW6MP2PL
Positive,Positive, A3R6UBAA1BZ787
Positive,Positive, A25N9TI36VM5Q9
Negative,Positive, A1N4E51LMAUNZ7
Positive,Positive, A3QLRIJSIPOT7F
Positive,Positive, A21Q64XXD1N618
Negative,Negative, A1VUVJSB864JVV
Positive,Positive, A31VRFIOTI5D4Y
Positive,Positive, A3QGAQI18N4VXC
Neutral,Positive, A3158L7KH1RVSB
Positive,Neutral, A35HPCEFHWPG1K
Positive,Positive, A24NE8W0O71AIT
Positive,Positive, A1UKD1GRCKR3TW
Neutral,Positive, A3VXLCDN2I3YVU
Positive,Positive, A2AZFELROH9QVO
Negative,Positive, A11CPO16676NDI
Positive,Positive, A1DE6O43178TP7
Negative,Positive, A3SS5B9FNK2I6O
Negative,Neutral, AITPVQ9TKUIZT
Positive,Positive, A21LDSWXSGD3L3
Positive,Positive, AMS55W945FQDH
Positive,Neutral, A1MMRKQSN0CUNJ
Positive,Positive, AJPKDAFL8B7MO
Positive,Positive, A1I5REP5ABYJK2
Positive,Positive, AMQWWN5Y9NVP9
Positive,Positive, ADIXUEN0WG8CP
Negative,Negative, A21P8RKP4HRO1W
Positive,Positive, A21RUSRZVCRAKM
Positive,Positive, A2IRCGU02G0RG5
Negative,Positive, AL89N0UCD9B5
Negative,Neutral, A24ERMDVQ9VJGG
Positive,Positive, A2XOO9S2YZG9RB
Positive,Positive, A12OUHSMO2L0Q0
Positive,Positive, A2JEDUS26OZGAH
Negative,Negative, A22DGNTSFC8NZR
Positive,Positive, A17K1E3V7EV19H
Negative,Negative, A32JSIWJB0GC01
Positive,Positive, A2892HT6KU7VD2
Positive,Positive, A2XCVPVO9TZ00R
Positive,Positive, A2MBGTCSNPM7LU
Negative,Negative, AHMUB162861UD
Positive,Positive, A2PTH5S7A5DQCB
Positive,Positive, A1XQ3VSFKCNZCM
Positive,Positive, A38JW7XH8AMNMQ
Positive,Positive, A1YGP6NV202UAG
Positive,Neutral, A3E3H0E7SSN6GQ
Negative,Positive, A3T9UWXJDWOCK2
Positive,Positive, AOD6SI4CEXXYD
Positive,Positive, A3PTZFRD34YJ2P
Positive,Positive, A3VWP50AJTPR6Y
Positive,Positive, AC7NMUPZU1JZA
Positive,Positive, A3N04BOYCXK2FI
Neutral,Positive, A2Y1U4YHE3UF5V
Positive,Positive, A11TLJEYS2WDIL
Positive,Positive, A2LTIGLFX4D89W
Positive,Positive, A2WADHJJ3CX3PZ
Positive,Positive, A70W0IPHBBLNQ
Positive,Positive, A3ARZ6NWH5DGEM
Neutral,Positive, A2QFXZGT3MY6EP
Negative,Positive, A2DE3QWSK9ZSLU
Positive,Positive, A2QM47C3D6L66E
Neutral,Positive, AGWLH3KIVMYGJ
Positive,Positive, A2H48KD37345NY
Positive,Positive, A3PZTIFMLJ9A44
Neutral,Positive, ALIORTOSK5OVM
Positive,Positive, A3PZ9KFVQIJOEK
Positive,Positive, AHXNW2KMHD8PU
Negative,Negative, A3RRNV5GDJ4SLW
Positive,Positive, A33G2GBQGONZK
Positive,Positive, ANCWJ3NU0NWJ7
Positive,Positive, A1WBXOOHERRDFK
Positive,Positive, N/A
Positive,Positive, A3RVRXVK9Q80II
Positive,Positive, ANXZVARFG2VE9
Positive,Positive, A2L24OITIJVU49
Positive,Positive, A2BW1X75DOQXMD
Positive,Positive, A1N2VDUFY2DCUN
Positive,Positive, AS7EP2BXMM5ES
Neutral,Negative, A1OZYXBPX78RYP
Positive,Positive, A2A8LEP9WOTFMB
Positive,Positive, A15PL3C9OFSM1B
Positive,Positive, AX2XI4VOSQRV1
Positive,Positive, A1A5HIMODIUTMY
Positive,Positive, A1LUK57L7LK314
Positive,Positive, A2OQFDZCVCFDPL
Neutral,Positive, A2I25ANJ977DR4
Positive,Positive, N/A
Positive,Positive, AJSKHITABSI7H
Positive,Positive, A2L7HKSC01X1G7
Negative,Positive, A7E85LH2I0TAP
Positive,Positive, AAXPSB4568RO6
Positive,Positive, A10HD26EFCJUT9
Positive,Positive, A1L8DHTZ4MZQJG
Positive,Positive, A2QRQR02VVUU0J
Positive,Positive, AKRQR0OJD6Q87
Positive,Positive, A267UGTTQUFYEP
Positive,Positive, A476MY07VHKUE
Positive,Positive, AWVGPB3KDQPYE
Positive,Positive, N/A
Negative,Positive, A3LXIN9B9K39KT
Neutral,Positive, A2EJVO86BMH7SI
Positive,Positive, AFRDXOAJ1E4XT
Positive,Positive, A3SJ6UTUVWFS7K
Negative,Positive, A3T4ALYYIGQLFQ
Positive,Positive, A2SBJMK07Z7J8Z
Positive,Positive, A3KKA7E1UXGYK8
Positive,Positive, A31P3ISZAGVPG0
Neutral,Positive, AP5UM1VWE9N22
Positive,Positive, A3UTIQDQU1U632
Positive,Positive, A2B9Z9T3V6MP56
Negative,Positive, A37OJQ02HTGM1U
Positive,Positive, A3EPFC8UWC2KE
Neutral,Positive, A1MD9AEU9C4WJN
Positive,Positive, A21BRUZ7WHETE5
Positive,Positive, A2A8YBVMJCO71I
Positive,Positive, A1WPLTD929QBDZ
Positive,Positive, A2QIPRVF0G15KK
Positive,Positive, A3TCM9NSETGYZV
Positive,Positive, A321CBT060NV2D
Neutral,Neutral, A23MS2RKZSYF1U
Positive,Positive, A63ZEPFQPMHF5
Positive,Positive, A5Q8OVZF1DBV6
Positive,Positive, A284N4V7W8FWKS
Positive,Positive, AZ0KDVQL08HHQ
Positive,Positive, A1ZULJRY32Y7EO
Positive,Positive, A26RUN8YFBW7E
Positive,Positive, A3S5RKXDLZTYP9
Positive,Positive, A18YXU4402M2UK
Positive,Positive, A1GSZVPOEI6PAW
Positive,Positive, A1FZJLECXLMGOJ
Positive,Positive, A29DC3SRHHJARM
Positive,Positive, A206SSH029KRF8
Positive,Neutral, A6KTMD1302DH3
Neutral,Positive, A1RFYLCGNB97S3
Positive,Positive, A116RDRB9SK3B8
Positive,Positive, A329RQ0HHOEMA3
Neutral,Positive, A3LI67Y2OMI50S
Positive,Positive, AQMFEVYLPMCXC
Positive,Positive, ABOKPRHQ2IDIY
Positive,Positive, A1NUI4AF6XZ530
Positive,Positive, A24ETPP34GTD3U
Positive,Positive, A79VSE8AFQLXV
Positive,Positive, A2JN0WGG7FH75K
Positive,Positive, A235UFZGCFN3J5
Negative,Positive, AU24QSWY1IPXM
Negative,Positive, A22KF5KPBPD872
Positive,Positive, A2BB7AOOA3EZK7
Positive,Positive, A2JC8BCPDLHSDA
Neutral,Neutral, A3E5Z2S1WRV1A3
Positive,Positive, A1W748MNW7VHWS
Positive,Positive, A1DA8D7RB1QW1Q
Positive,Positive, A1XJ376CAVY1O9
Positive,Positive, A3N7WAMZD5UYWO
Positive,Positive, A200F0FAF4N3IT
Positive,Positive, A2XRBIPRG62YPM
Positive,Positive, A1AU1G8U8IPXX2
Neutral,Positive, A3IMEDHODX682M
Positive,Positive, A9VGIPAP38VU
Positive,Positive, A3L693JWU8Q17J
Positive,Positive, A35TD8QAUMV0DB
Negative,Negative, A18VUAQSONR8OJ
Positive,Positive, A2MCE1UOZBECKM
Negative,Negative, A1AF1II3Y7F7T5
Negative,Positive, A35U9DYYFQPQ2Q
Neutral,Positive, ADEJNRAT95LWV
Positive,Positive, ANMBV29EGG4QW
Neutral,Positive, A2JEE09DW0KI6O
Positive,Positive, A1V2YC5ONBI233
Positive,Positive, AKQDC8VR6FZHJ
Positive,Positive, A3NRRY32NQXH7N
Negative,Positive, A1POOH19RRNK58
Positive,Positive, A12BF2JLD1HBBG
Positive,Positive, AQ2QMPLNWM706
Positive,Positive, ASATC8T307IYO
Neutral,Positive, AI8JBNTZHEPZJ
Positive,Positive, ACG0R7LXF9STT
Positive,Positive, A3U7DQGZ57GUEM
Positive,Positive, A3M80BW5EAATMP
Negative,Neutral, AFIPBXPK0JG4G
Positive,Positive, A35IDGYIST7CLI
Neutral,Positive, A1KG6HFO8D0W3Q
Positive,Positive, A1Y3QGTSUT3BE1
Positive,Positive, A3D1XWMQD0HTZJ
Positive,Positive, A1B2AX9T3Z8NEF
Positive,Positive, A34XZW88WMHH3X
Negative,Negative, A3QKBP6N6IQA06
Positive,Positive, A2QC5I2WR712HY
Neutral,Negative, A873LYOP1TYQU
Positive,Positive, A2BMRAG3N4PZY5
Positive,Positive, A3J3OI9MT8VIDT
Positive,Positive, AU10LW7ASID1K
Positive,Positive, A8K8LI5D602I0
Positive,Positive, A24EJYTZF7IERX
Positive,Positive, A1RKAYUPR87GLZ
Positive,Positive, A2FLXMR9YDW8Q4
Positive,Positive, A3MB9M3XEDBMTM
Neutral,Neutral, A3D4IZSGNKP8RT
Negative,Positive, A6VT3OXGHXF58
Positive,Positive, A1OWSC4SVXW19E
Neutral,Positive, AU0ZJQWZFKHF4
Neutral,Positive, A8S26HG41THMA
Negative,Negative, A2ZLIWPN6JXD68
Positive,Positive, A30PQ2WZLM61K4
Positive,Neutral, ANDPSW5EQ22BR
Negative,Negative, A3FMSHFJH0DYN4
Positive,Positive, AZWAJPZ1UQ3B6
Negative,Neutral, AUPB7X3KNMQD9
Positive,Positive, A37CF0EMQPEK9N
Neutral,Positive, A2N7MS3Z6F8KT6
Positive,Positive, AZ0AB12CQ7PC4
Neutral,Negative, A1G8J2SES6R2QQ
Positive,Positive, A2IFL7632QXF4Q
Neutral,Positive, A1GB3ED4D8ENX7
Positive,Positive, A2CN9014VR8O0W
Positive,Positive, A1197F2WV8RYXF
Negative,Negative, A3V0377VPQT9MA
Positive,Positive, A21WL8Q48638XR
Positive,Positive, A3LZ41UAOTSZKT
Positive,Positive, A2Y1N60EFM5RSW
Neutral,Positive, N/A
Positive,Positive, A1B0TB8KB8JQEM
Positive,Positive, A11H2C6ZR694J7
Positive,Positive, N/A
Positive,Positive, A1CFB02LQOTYI1
Positive,Positive, A2RJDA5SQPCPH
Positive,Positive, A1FZ1D3YI40OF9
Positive,Positive, A2ANUJNE36P9W0
Positive,Positive, A39S3WNNU2IW6M
Positive,Positive, A3MBGPZBRJUH49
Positive,Negative, A21NBEFN24HIPY
Negative,Negative, A15OQ9MTCW46Q8
Positive,Positive, A2HYRT2K1H5XXM
Positive,Positive, A1ZDY4LEJFIMBI
Positive,Positive, A25F72L3GQ1Y4N
Positive,Positive, A36HUIUR46ZQTD
Positive,Positive, A2JO858IA5ZW2R
Positive,Positive, AA4C499UIR6EE
Positive,Positive, A2CH6NV0F7AIO1
Neutral,Positive, A2OMM0FWEL6LWA
Negative,Positive, A39L5DFXU99PIF
Positive,Negative, A3MODBHQOD91KZ
Positive,Positive, A1I2FG6J6CYQ58
Positive,Positive, A2TPLPICPJG9FR
Positive,Positive, AJY9T15FSCHIE
Positive,Positive, A1MUFP15U7MQYP
Positive,Positive, AY8ZTJ4P6SFM3
Positive,Positive, A1T6OA9ZC8CTGE
Positive,Positive, ACVAUIL64MFQ7
Positive,Positive, A199WZRFUS73LE
Positive,Positive, A2PXVP76EEKH1A
Negative,Negative, A3O32VW13HBKM1
Positive,Positive, A3L2PWPCDSWVRE
Positive,Positive, A2KUICD91TH7W3
Positive,Positive, A1VS3SRFRC5U5S
Positive,Positive, A38SVURTBTJOBG
Neutral,Positive, A3V3MTZUGYQB90
Positive,Positive, A2XBJRS7HPFH99
Positive,Positive, APPVLS8DNSF38
Positive,Positive, A2XVYFT8IZIPMV
Positive,Positive, AGZ6G2BHW0Q72
Positive,Positive, A2TGMISTTIAXW7
Positive,Positive, A1DOJEUQP31BFF
Neutral,Positive, A2JJPKQAANHKNK
Positive,Positive, A2Z1EZW5O7IFY4
Neutral,Neutral, A2MN6L3GRHZ4OF
Positive,Positive, A1B3QNSDCQNL2B
Negative,Positive, ARX7Z3NI6O0F7
Positive,Positive, A1CBWD15HVD36F
Positive,Positive, A3GD9ZFVUCQ2JH
Positive,Positive, A2NOW4U7W3F7RI
Positive,Positive, A2ET8SGB78KLGR
Positive,Positive, A2TKJ37YEI7ZX3
Positive,Positive, ABZ0DUBOG9RS0
Positive,Positive, ABWJNOZK1I9YR
Positive,Positive, AEYCVV0N7FC64
Positive,Positive, A2D2NI2UL0BH7E
Positive,Positive, A2CC7Q3FFPF5BM
Positive,Positive, A35YFQ5O632ZPV
Positive,Positive, A2NSC2RWVR70AG
Positive,Positive, A3JL6JMP8USF15
Positive,Positive, A1HIUFUA9XG89H
Positive,Positive, A2XJMSRD1DSUDK
Neutral,Neutral, AS0NJ2NJEJT9
Positive,Positive, A1I07P9VZ8ZVCW
Positive,Positive, A2C5IYLF7T34C6
Positive,Positive, A38D19XWCQSB6S
Positive,Positive, AUOCBKTL44FPV
Positive,Positive, A3FFMAUAJN6CS1
Positive,Positive, AJQR0G4LCSMES
Positive,Positive, AL0LGU8Q1625I
Positive,Positive, A1CV9NKJOAQYZM
Positive,Positive, A65ZBDNGZNHT4
Positive,Positive, A24KRX5YL9YO5N
Neutral,Negative, A16EX98GJX6WVT
Positive,Positive, A1YNIAF6VIUF63
Positive,Positive, AQABZDFWNOWLS
Positive,Positive, A1N0Y7CRY05XJH
Positive,Positive, A36DXJBPW7OM41
Positive,Negative, A3S863HYTD5SI
Positive,Positive, A3MA8YJJRXLAZ3
Neutral,Positive, A2165MFPR5CBCS
Positive,Positive, AXK3KYH8NQ9G2
Neutral,Positive, A32ASHV2SVYTXD
Positive,Positive, ALLYX4ATN0U1N
Negative,Positive, ACYT8KA2HVMXJ
Positive,Positive, A367OVI6YX7RUT
Positive,Positive, A34MQ44HLTTMIU
Neutral,Neutral, AX7EKKLF22KAB
Neutral,Neutral, A17WAAOYWQFY2T
Positive,Positive, A2UDJDJRHGPKP3
Positive,Positive, A3NPBLY1DV9TYT
Neutral,Positive, APWJMNLW1GLMX
Positive,Positive, A1Z2LN3L4MF9NF
Positive,Positive, AVXA4QX0RPYID
Positive,Positive, A28BTVLNKX8A2L
Positive,Positive, A1A8GO5Z2OD3G4
Positive,Positive, AOE7IBM2SDPSX
Positive,Positive, AXYI6WZREPYUS
Positive,Positive, A120WH6X70QHDI
Positive,Positive, A2FFU7V6P9HFF8
Positive,Positive, A27SEAVJKTOBNI
Positive,Positive, A13EQOQDLKK1CR
Negative,Positive, AG2I3G0XMZDPT
Positive,Positive, A2HFGK47WZB48H
Positive,Positive, AKY9ZOWBZD5P
Positive,Positive, A21NAQEB9ZSP07
Positive,Positive, A3I0V63NFTGYQO
Positive,Positive, A23GQ7TKMHL6RY
Positive,Positive, A2UA5LHR4F7HSK
Positive,Positive, A3K0OVBXODBFDH
Positive,Positive, AMSKX3RQ8LHZ6
Neutral,Positive, A154XSGKLCEK3P
Positive,Positive, A22T6CBV2XQUOE
Positive,Positive, A1YQYPNB3YT3B8
Positive,Positive, ARIUV7OGCH7IU
Positive,Positive, A3AUUYHE0ZSRGV
Positive,Positive, A1OR7V8TI0M6L3
Positive,Positive, AMLKFKQMMACII
Positive,Positive, AFSUTFWJJBAJK
Positive,Positive, A2L8GABR15ALDZ
Positive,Positive, A3HV0Y0011MAS4
Positive,Positive, A2M8TOJ2E4KOSJ
Positive,Positive, A38GT4WIDAIEVH
Positive,Positive, ASYHWUQLVS433
Positive,Positive, AJN6DLCD7QTFP
Positive,Positive, A9E9C4EUYKOVD
Positive,Positive, A3JHSFUNS20AO
Negative,Neutral, ALIPB7GCZF65X
Positive,Positive, A3QQ44FPQEYC0F
Neutral,Positive, A2HPHD14LY7YIA
Negative,Negative, A350VC4GN1CT5H
Positive,Positive, A32TA383URB3OM
Positive,Positive, A1T0NL6KWYYZ0C
Positive,Positive, A2694IB4FQWVMT
Neutral,Positive, A1NUCFA7G54ZFX
Neutral,Positive, A2067320LIQWN3
Positive,Positive, A18NIJNE4Z72GD
Positive,Positive, A2MWFDSBNF8ASU
Neutral,Negative, A3DEX5DO9E5G9S
Positive,Positive, A2L4S6QQO2BP0
Positive,Positive, A286YYFN9TVVFR
Neutral,Positive, N/A
Positive,Positive, A3GOX23TYTDNI2
Positive,Positive, A1VEHEH3CN8LPG
Positive,Positive, A3T0RIYZOZBPL7
Positive,Positive, A1TTYFJUCVPMQQ
Positive,Positive, A1U0Z63B83EMJG
Positive,Positive, A139X64X72TDIC
Neutral,Positive, A1B4YLCAV72YUC
Positive,Neutral, A3Q2O8LK9EEV68
Positive,Positive, A21E7YWCYQ4JVG
Positive,Negative, A2SJWLCTA5KV3G
Positive,Positive, A1ZWI52079XRXH
Positive,Positive, A1UHE4VKGROTL5
Positive,Positive, A3W2IG60XR160V
Positive,Positive, A1K8Z5ANJIO449
Positive,Positive, A1UEA3IKU70U7Y
Positive,Positive, A1X4H2RI8C8MN2
Positive,Positive, A2S7GJEJG0F011
Positive,Positive, A2QHMHKF24QHS9
Positive,Positive, A3TLQKEZXZCF51
Positive,Positive, ABI4FWGNTGY8P
Positive,Positive, A29EYB6IJDCZ95
Positive,Positive, A3HZ1RR48NG7N2
Positive,Positive, A29C27SWCXUA3T
Negative,Negative, AR5FA0OHNEO1E
Positive,Positive, A2FVE6J2MAMIQO
Positive,Positive, A30J6HM62M6RCS
Neutral,Negative, A2XPGO7JXLH24L
Positive,Positive, A1ARY0JBA3GOF4
Positive,Positive, AWSGUWF2PMTM5
Positive,Positive, A1ULDHQNZ4QKHG
Negative,Positive, A3LG80UMZ1LZQO
Positive,Positive, A2J3X6J3IHU5RA
Positive,Positive, A399GX63YK0CTS
Positive,Positive, A1YYV6SXSM0H7G
Negative,Neutral, A1WVJM12WMSQUP
Positive,Positive, A3PY9VIAJI51EI
Positive,Positive, A2HIS1P93Q8CLX
Positive,Positive, A1AHTRLLNVXGLW
Positive,Positive, A3QNV9LUNM589P
Positive,Positive, AHMY7NCJ6T0P6
Positive,Positive, A276NTIO5U0O9F
Positive,Positive, A3GCZEEFXF81W8
Positive,Positive, A3NOE1NRVL2Y0J
Negative,Positive, A1TWMVW3V1TY43
Positive,Positive, AIIQ337S9IQPS
Positive,Positive, AAZM9V2VW7D6S
Negative,Positive, A9JWZ4ZXKYFQ
Negative,Negative, A3RVX4BOR4CXOD
Positive,Positive, A9J43P3DAUW4Q
Neutral,Positive, AEVSK0DMFEM02
Positive,Positive, AO48P32VN91LW
Positive,Positive, A9T7A9PDN6NP0
Positive,Positive, A1O1Z2GL6DWY1P
Positive,Positive, AU2QC1ERMDL7Q
Positive,Positive, A23ZWAJTVRCY8R
Negative,Positive, A1EA7WADBMJHTQ
Positive,Positive, A11N9TTKZHXOP3
Negative,Positive, A6FLTU1QDQTKA
Neutral,Positive, A1UM1FPBXJNLA6
Positive,Positive, AOUO9E888TMQ9
Positive,Positive, A3CCM18GRF58GT
Positive,Positive, A5AHNBEE928YO
Positive,Neutral, A14VEJF020O9D2
Positive,Positive, A3HD3KH9L2VPIN
Positive,Positive, A31J3MEJDNHSXM
Positive,Positive, A2GN53CDL8A3L7
Positive,Positive, A309FR75G6OEJH
Negative,Positive, A2STSAJPTPGISK
Positive,Positive, A54GQTN5GB2Q4
Positive,Positive, A2HQXNNCBSJGUZ
Positive,Positive, A2PTCGRNYAH4ZN
Positive,Positive, A2JL5A5Z0JCILR
Positive,Positive, A10XQGAF7AU3XP
Positive,Positive, A33GCF1YTH56CN
Negative,Negative, A1PNYQRN7K43HL
Positive,Positive, A1XV2X2IYVAPY
Neutral,Positive, AONR01VHC1C54
Positive,Positive, A2HFFM2OOAEDRK
Positive,Positive, A3VDC0QW39NELW
Positive,Positive, A1AJMLMXDJCP1N
Positive,Positive, A1SDLBHO375W00
Positive,Positive, A26CYVD77XP8XM
Positive,Positive, A3IT6ILKD7WNBS
Positive,Positive, A2BD220QANDJPU
Negative,Positive, A2H1O8S953GFRN
Negative,Negative, AWIU9KQ2NOWV8
Positive,Positive, A3VL263FW0O1JL
Positive,Positive, A3BBXHW0GBW905
Negative,Positive, A2POX30EGEE5DC
Positive,Positive, A26SO74LSH7XU7
Positive,Positive, A15OPPRDOO0VT3
Positive,Positive, A3AFPL4QS9ACXF
Negative,Positive, A1Q3VU4L5YY59Q
Negative,Positive, AH3ZS2K7X74UU
Negative,Negative, A7FNOCY1KBZF7
Positive,Positive, A233X14KF826I2
Positive,Positive, A2DKHDEBSS528G
Positive,Positive, AOOTB3BPWZTB9
Positive,Positive, A34FZXTTECSKJ4
Negative,Positive, ALV13ACPIICBZ
Positive,Positive, A39SXJACN0B8ZQ
Positive,Neutral, A3Q6JDOBCYVDZO
Positive,Positive, A2R9LPG7TJ91ZC
Positive,Neutral, A2AY9PGJN8BF78
Positive,Positive, A1CWHG5SIWMQ93
Negative,Positive, A1VFV75WIKQ0BH
Positive,Positive, A1RW791WIPE7B6
Positive,Positive, A2NDB3CY7VWVP5
Positive,Positive, ATHWZ96OEW5NP
Neutral,Positive, A1E7QRIBEY2DHS
Positive,Positive, A3C2GNZ68067L0
Positive,Positive, A2YIO3TS1JJRU5
Negative,Negative, A2VC1HZC7LQH7X
Negative,Positive, A209SML1O0O1H9
Positive,Positive, ANE1YRXMBIQO4
Positive,Positive, A1XMP5A5K8VD0B
Positive,Positive, A2GEIZD3Q5MN4H
Positive,Positive, A23H70DRQ0MYA4
Negative,Negative, A1ARSBVSFZZ3DZ
Neutral,Negative, A3R9KCSU4KQF70
Neutral,Positive, A3EPJWR9SRC4HS
Positive,Positive, A1M1XL6RTE5KY5
Positive,Positive, A1AVUU5H6V24WD
Neutral,Positive, A1RM8L2HSV3FUW
Neutral,Positive, A322PCPTDHYMYR
Positive,Positive, A3RXI6DI5HCOBN
Positive,Positive, ANMCLLL8ZS17T
Positive,Positive, AWLS1ODR3E2P0
Positive,Positive, AGIMY7MVB62EJ
Positive,Positive, AXM8CQYIKVLGX
Positive,Positive, A2C7692O3VOPJY
Positive,Positive, A395C2BVSD7GM9
Positive,Positive, A3RRNV5GDJ4SLW
Positive,Positive, A18AIHWF8ROBPF
Positive,Positive, A1JBLZCVTPP3LF
Positive,Positive, AG05BT5GLNYLZ
Negative,Positive, A1VJCDL9YZ37US
Positive,Positive, A2MHON5MN2WJ5K
Negative,Positive, A1QIWAOUO9UPI0
Positive,Positive, A1JC6GJ9XD1IU4
Neutral,Neutral, AOLA46F8A5T61
Positive,Positive, A1VSRN1LY3FNCW
Positive,Positive, AEDW02H5TT0LJ
Positive,Positive, AOXOQL8I1SBV2
Positive,Positive, A3N3ZTC5LDWDWD
Positive,Neutral, A3FM6T9G4LZMGU
Positive,Positive, AU9LU68DS3PUJ
Negative,Positive, AE2SURH6Z567M
Positive,Positive, A3DBL0W1QIZ4A6
Positive,Positive, A12XTU9TTHUHXR
Positive,Positive, A39BGT25HC11OE
Negative,Positive, A2XWSW2PTNUUSM
Positive,Positive, A1NG7WFHHWJM5V
Positive,Positive, A1CKAZZ3Z647NA
Neutral,Positive, A1LX3HQSNDHKEG
Positive,Positive, A2Y3MD5BSJFR1N
Positive,Positive, A2PEYTXTWYRBJ1
Positive,Positive, A1IZTJ7LPSNR4Z
Positive,Positive, A208PEB6C6C7WQ
Positive,Positive, A1T8LJZUNEMEZ0
Negative,Negative, A2S7QGE0668G68
Neutral,Positive, AWS22SV43ROW4
Positive,Positive, A2M1N5J8KL17IJ
Positive,Positive, AFUM9UDF7IN6I
Positive,Positive, A63K86AING3F7
Positive,Positive, A3SW904BRX5A88
Positive,Positive, A2GNATMQ0R7NYM
Positive,Positive, A2Y5X8N7DV3HIP
Positive,Negative, A5WGB5L9PNQB2
Positive,Positive, AH0IBG1CFKOTZ
Negative,Positive, A1U3H2YMPJDNDJ
Positive,Positive, A23GQ7TKMHL6RY
Negative,Negative, A1Q6EURYCXM948
Positive,Positive, AOUO9E888TMQ9
Positive,Positive, A2WMPE6FT4NSHO
Neutral,Neutral, A4BD3S1G9E0K3
Positive,Positive, A9DSFC9AX129Q
Positive,Positive, A3S8KYJYK1KDLZ
Positive,Positive, A1RFRKEW3P8J32
Neutral,Positive, A4B6PJ51UH5OU
Positive,Positive, A1KFY35QTLV0FY
Positive,Positive, AIFIR7HW14ONC
Positive,Neutral, A1JIYR90LWBGZV
Positive,Positive, AARE59FEMBQWC
Negative,Neutral, A1MYRPXS57QLB5
Positive,Positive, A26CPDPXCQLIVP
Positive,Positive, A2JW25V5MJPYMA
Positive,Positive, A34EEYVNJT4PX4
Positive,Positive, AQOJF7IJRAKYE
Positive,Positive, A2FAM528ZYQE0Y
Positive,Positive, A2OARTNF7KXHKL
Positive,Positive, A34Z4TCLOKFODS
Positive,Positive, A9JUAACL2XBIN
Positive,Positive, A23ZS9O09SF9PS
Positive,Positive, A33O8KINQWUD2J
Neutral,Positive, A256W3RR1IMGX7
Positive,Positive, A1RUDESP51NCZQ
Positive,Positive, A1PH7HBPS7WHL8
Positive,Positive, A4Q1JPZW233DR
Positive,Positive, A2ZASVCIBCIVM9
Neutral,Neutral, A2RVMGJ6239WPE
Negative,Positive, AJ1UOHYX3VUA3
Positive,Positive, A5ASVSZUSXEGN
Positive,Positive, A2F2VP5OOCNCUS
Positive,Positive, A38A5GOAQ5WV3G
Positive,Positive, A2NY7M4FU5XM05
Positive,Positive, A32QQ5EGFB4LJI
Positive,Positive, A1AGZ9F4M4KY71
Positive,Positive, A39NFQMCMG4BSE
Positive,Positive, ALQXSMX57II8Q
Positive,Positive, A1REVOBPVECD1D
Positive,Positive, A2X0Y8VZPISMQV
Positive,Positive, A1MQ7DNOQLDUAW
Positive,Positive, AGJ0DW8O7D9FL
Positive,Positive, A260S7HCKRJS8V
Positive,Positive, A98KUTF5FRZO7
Positive,Positive, A1X9WXU329RLAC
Positive,Positive, A1JC0L7CCJPJUK
Positive,Positive, ACFDUDIO6UU7W
Positive,Positive, AZMWPPDWRC95L
Positive,Positive, A2NPOQXJDJVN0W
Positive,Positive, A1EGI4DHOH1GE
Positive,Positive, A2KTATPC5M140T
Positive,Positive, A2CZCCMIHAPRAC
Negative,Positive, A26PB2P9R8FYLP
Positive,Positive, A2586APZRC21GF
Positive,Positive, A2YDJ7ZRDGCCQQ
Positive,Positive, A1X0TDXNRQWTIR
Positive,Positive, A2KNL9WWRWU20S
Positive,Positive, AVEZK3VP6BO9Z
Positive,Positive, A3UC6XQ72PN9I7
Positive,Positive, ACITRRS5O3D4C
Positive,Positive, A2CE7XQBS06RPI
Neutral,Positive, A90973R99Y06O
Positive,Positive, A1P0CSVPNG0V91
Positive,Positive, A1D9GXHC195216
Positive,Positive, A43O2VDD0JCI4
Positive,Positive, A24WYPFHN50TO3
Negative,Positive, A2LR5BAD3GEOG9
Positive,Positive, A2SG5RI4UCH3E8
Positive,Positive, A2R276LRCEEHTI
Positive,Positive, A23JGFLZ5YR1KG
Positive,Positive, A3TDFAKXLR8IC8
Positive,Positive, A3K9FO66Z2YTRI
Positive,Neutral, AORQGX0SCHQN
Positive,Positive, A3NEILEGG0PT7N
Positive,Positive, AJ4ED9Y326K50
Positive,Positive, AJ6655BK9JNQQ
Positive,Positive, A2MV1XOPVJQY5H
Positive,Positive, A1UV97MVX45JYG
Positive,Positive, A2XWDYG1EQZV8C
Positive,Positive, ASXC2DJ62UHU0
Positive,Positive, A2IHGFPM3U3LAE
Positive,Positive, A1QCV2A2G09QQY
Positive,Positive, A32VVV3HJPTK3E
Positive,Positive, A1GM9J05TQUTAJ
Positive,Positive, A3QO4XE3T6YFLN
Neutral,Negative, ADT1F06C2Y2FE
Positive,Positive, A9DZKO1UFVRDM
Positive,Positive, AS0AW0JVGNIQZ
Positive,Positive, A1G7YSW2KDLP3C
Negative,Positive, A25YJB32JZLFGW
Positive,Positive, A19XXO4S9R7AUE
Positive,Positive, A149Y88O6FE0G
Positive,Positive, A3OZ66G8AMTCS4
Positive,Positive, A199LAU4BHDE3Y
Negative,Negative, AE3CSCL5Q74JK
Neutral,Positive, AS7ZJLDHJ8EDB
Positive,Positive, A2W1H61ONYM7V2
Negative,Negative, A36QBEMC2OPBBG
Positive,Neutral, A2KERHCRDSQFZ
Positive,Positive, A1KS6TEBAEJ3OW
Positive,Positive, A1A2T5N8FRF6R6
Positive,Positive, AUHC4QSR87VYD
Positive,Positive, A38STIULPGBKQE
Positive,Positive, A17R99P35CUJU5
Positive,Positive, AO8IZA4DV1Q4X
Positive,Neutral, A2KTQLCQUO05K9
Neutral,Positive, A1MW91PNLRZDA1
Positive,Positive, A2KR9W5J833ISF
Neutral,Positive, A3KLTWMB6MUVF8
Positive,Positive, AVCMMI07PLM5O
Negative,Negative, A1BZMA3VH3C74A
Positive,Positive, A1LUCYR2HZ1UQL
Positive,Negative, A2THJZBVC9W0MI
Positive,Positive, AIARV25ES6H5N
Positive,Positive, A1NULI4ALB6QFZ
Positive,Positive, A3VBN6VNUTJULE
Positive,Positive, A2TJXWSLNFRGRT
Positive,Positive, A2RGSCEBBQTLBJ
Positive,Positive, AI3VYXK5GL5P2
Positive,Positive, A1ZONPVLYPO1MT
Negative,Neutral, A2XIBI68944F7V
Positive,Positive, A29TNG9LTFP5LB
Neutral,Positive, A3FAE0OMI70YK1
Neutral,Positive, ALJA7E4WGEL83
Negative,Positive, A124IG40SVOEP1
Positive,Positive, A3GATHB60JB886
Neutral,Negative, A3PHB1RIW4NU0K
Positive,Positive, A4YI9R22LFZZQ
Negative,Negative, A20BO0V8PQPZDE
Neutral,Positive, A37M0GIN9J8NA7
Positive,Positive, A1I9UOGPB9N7YW
Negative,Positive, A1U57G929DUEIF
Positive,Positive, A2UUK5SYRHER37
Positive,Positive, A106GYEZAF82P9
Positive,Positive, A2RW5GJ8ACS0M2
Positive,Neutral, A14L3OYQURX9CN
Positive,Positive, A7G7V7WHL445F
Positive,Positive, A2HHJ0I6NPR9AH
Positive,Positive, A3TMJMUA2HSXT8
Positive,Positive, A1BQNKJULK577N
Neutral,Positive, A1KKXCG0T2R3DA
Positive,Positive, AMD050F2ZF1CC
Positive,Positive, AQZ4Y1KH3P2CW
Positive,Positive, AVKINH2Y3L801
Negative,Negative, A15JVCJJH6FHQS
Positive,Positive, A1DKXKWJJKHBNS
Positive,Positive, A3LLKF7IULGJAY
Positive,Positive, AO9M6CM8JL9ZR
Positive,Positive, A2NQO4N156TOKC
Negative,Negative, A34WC93RON1LVS
Positive,Positive, AOVO452L4O8RX
Positive,Positive, A36R7SL36M1X26
Neutral,Neutral, A1AGQIR0877N9J
Positive,Positive, A3SWP3LMOWF8CX
Positive,Positive, A27380EGMUX8V6
Positive,Positive, A1DEJC5CFHXHX2
Positive,Positive, AABG5T3RK6BN5
Negative,Positive, A11N7OUF8YFX92
Negative,Neutral, A3HTIMJGZ5V4JW
Positive,Positive, AH58F2CTOJUHW
Positive,Positive, A21P0ZRGTTL1K4
Positive,Positive, A2VT5WLTQL78I2
Positive,Positive, A2XZ0NCCWOUG85
Negative,Negative, A3UYJO1CD07TYA
Positive,Positive, AISIZ4XU4PDSV
Neutral,Positive, A3QRCYOKT101J
Negative,Negative, A3OSMD3G2DPTH7
Positive,Positive, A24QGBISMC6HB3
Positive,Positive, AG8IA4MBP30OV
Positive,Positive, A1X37RPYOJLQXS
Positive,Positive, A2BLZXLOLFRDTQ
Positive,Positive, AJP7R35PSUX56
Positive,Positive, AVVNDDZCTN8PW
Positive,Positive, AXEC2JVH3MCXS
Neutral,Positive, A1EB20BL4FUFI1
Positive,Positive, A26VQDSGLWB3OG
Positive,Positive, AKAJV3YPWV4RR
Positive,Positive, A1MRLJGRZHWJKK
Positive,Positive, A3VFO2CYCRCXZS
Positive,Positive, A2J5NOBJ7HFMU2
Positive,Positive, A2PVWKCN1SK6J0
Positive,Positive, A1ZVMJYS9B2W8H
Negative,Negative, AR57NBGKVXH02
Positive,Positive, A2I357I10ZY7CI
Positive,Positive, ABNVTZ3VW75I2
Positive,Positive, A3IV1B1CGA6JS0
Positive,Positive, A2SZ1O48HXWCKT
Positive,Positive, A1EGPBQFPQCI9J
Positive,Positive, A119O0B6A843EG
Positive,Positive, A3SDLV4ABCJEDH
Positive,Positive, A3U5PAYEQSSVJS
Positive,Positive, A1QZH6YLGNML9V
Positive,Positive, A2SAKBTBTR2BNB
Positive,Positive, A30AIANQSOOXB0
Positive,Positive, A1O8DQGLJXLXX1
Negative,Positive, A1AHH2DOYC9THU
Positive,Positive, A3JBPVCOJ0RV9Z
Positive,Negative, A1L22LX6ANBAIV
Positive,Positive, A3DAQXEK12XEC2
Positive,Positive, A1ZRD3WNHP8O3T
Positive,Positive, AFLKXDM66CQJ6
Positive,Positive, A1YN7O8NRX1JQ1
Neutral,Positive, AOXU876TLJPL3
Positive,Neutral, A88MAI96YLXZK
Positive,Positive, A2K60GJA18YY24
Positive,Positive, A27CVLQN2M9LET
Positive,Positive, A1XH2HOM7LAY3P
Positive,Positive, A1315PIPNDQ254
Positive,Positive, A3GNAIFGUNVCPM
Positive,Positive, AR4A8WYETRLRP
Positive,Positive, A38UXC3S6BP7EH
Positive,Positive, A298QUXM74Z8BZ
Positive,Positive, A3ER1X8C1ITY11
Positive,Positive, A22OHQOPNFCR4W
Positive,Positive, A35MYSEMH47M3V
Positive,Positive, A2GZEZ4KF2HG23
Positive,Positive, ADP49VXKH34WU
Positive,Positive, AP6H6O5NDSJVO
Positive,Positive, AAQIJAKMI0AW
Positive,Positive, A3TCKXJSSIHXEW
Positive,Positive, AE2N7NUEDBT8X
Positive,Positive, A2OED4GLU1FUM8
Positive,Positive, A2YGDE6YUDTEO
Positive,Positive, A25URIAEQKQI0X
Positive,Positive, AYOSONWQVHV8P
Positive,Positive, A3314AM97UPHCK
Positive,Positive, A25G7IWP7FIEZT
Positive,Positive, A2CEZ2HU3CB0ZT
Positive,Positive, AKJ2L9HDJ38U0
Positive,Positive, ATQNCZ6QGIYNO
Positive,Positive, AAFXR0SYEPNO2
Positive,Positive, A3K39MNG2II6WF
Positive,Positive, A37NXGXK5SH4XT
Positive,Positive, A31S7BUH1EJKBS
Positive,Positive, A2WZNYKXEYJ9SK
Neutral,Positive, N/A
Negative,Positive, A3L59EOEXSU9NJ
Positive,Positive, A10YOV64YSOJHG
Positive,Positive, A2WVD1TRU6DUO0
Positive,Positive, A1YHDUMEPEKDJ5
Positive,Positive, A34FESWOQHXKZM
Positive,Positive, A225WT5SEQ8EZ5
Positive,Positive, A1EGOP6AZ3IXBO
Positive,Positive, N/A
Positive,Positive, A3NNRJDLE4SJKL
Positive,Positive, A3DBSQFNYNZK
Neutral,Neutral, A2JLAOMYIR4O91
Positive,Positive, A9LWFDFN8JA82
Positive,Positive, A1XJTB0PZRJPYB
Positive,Positive, A3V1KRDZ9LHUTT
Positive,Positive, A97LT56IOSS2E
Positive,Positive, A2PIJA8SW3N1N8
Positive,Positive, A2TMXRSFYJFHDX
Positive,Positive, AWV1P1GIJDC8O
Positive,Positive, A3Q9L7CWFAZSK3
Positive,Positive, A25VPUXMFEBCW3
Positive,Positive, A1VYVX4JH813NR
Positive,Positive, A3M9S4A4JI216N
Positive,Positive, A2PBTYM3IE0B4O
Positive,Positive, AA394CGT3GNYH
Positive,Positive, A36R1GGNDJ0R5I
Positive,Positive, A26T1ZPDM2BP4Y
Positive,Positive, A39X6EWKZ3ITAF
Positive,Positive, A31DJJDNPED3KP
Positive,Positive, A1XJK9TFE8BNEE
Positive,Neutral, A33TVDKDN9DLND
Positive,Positive, AOIT11QP5Z83X
Positive,Positive, A2HL4KBLF70663
Positive,Positive, A1WBJIPYZ3MU6O
Positive,Positive, A34WFZPR0NJVPR
Neutral,Neutral, A3INOGHIGJKMNG
Positive,Positive, A3LN9H6ZLN49OB
Positive,Positive, A2GRJ3LCEQYCWA
Neutral,Positive, A2071TIVQSMD7N
Positive,Positive, A2GUW4RCWLF0W
Negative,Neutral, ALIPXYTVDM1KW
Positive,Positive, A2EUONIB3H2WHM
Negative,Negative, A1MTSHAH5HD7F1
Positive,Positive, A3T80XMA01V1EI
Positive,Positive, A1UULUEQHS9W8K
Positive,Positive, A37U2F3MINDNA4
Positive,Positive, AX4XPS1GOB9Q6
Positive,Positive, A33G3B08XYY53B
Positive,Positive, A14EGAXC61XOTV
Positive,Positive, A3SCO8LU5LJA0G
Positive,Positive, A33HLTMMTYPVI1
Positive,Positive, A1I121ANAAH7UP
Positive,Positive, A37LTGNTYK7P8I
Positive,Positive, AYDV3MWBXMKZO
Negative,Neutral, AKA8J8QBBZCLS
Neutral,Positive, AXJJYQZO381D5
Positive,Positive, A2HT8SRG782MD5
Positive,Neutral, A1QDMQ55YM4WRV
Positive,Neutral, AZTJYAA9FV8O7
Neutral,Positive, ANJA782DRJ4IL
Positive,Positive, A1Q1EIUFOG0R7V
Positive,Positive, A2UYTHHVSI1P32
Positive,Positive, A1PA9FAFVN22LE
Negative,Positive, A3ML5QOM58PVFS
Positive,Positive, ACJY4WP2BC0AJ
Positive,Positive, A23L9SQLVMYT8U
Positive,Positive, A86ZY8YDW4DVX
Positive,Positive, A1G3GO9HDBI747
Positive,Positive, A3OEM03UKZV9GD
Neutral,Negative, AI11DBXOKTI81
Positive,Positive, A2QCMQFZC4CLFT
Positive,Positive, AEROOMHI4MKI9
Negative,Negative, A15ZLEO62KMLL1
Positive,Positive, A3QPOH33BCOKZI
Positive,Positive, A3VL14IR6GKIDY
Positive,Positive, A34QR3NJOYD4QC
Positive,Positive, A2U06RNWH0QCA9
Positive,Positive, A2HLXTIB1PFIPB
Positive,Positive, A1UFN56YF992CG
Negative,Positive, A2BKT51JAU9XV7
Positive,Positive, A9IXKDAC85KJQ
Positive,Positive, A1J97V1KB3RU40
Positive,Positive, AEQYAG42F9128
Positive,Positive, A24Y7SJPKCSMP9
Positive,Positive, ADWP4IJQ5PATO
Positive,Positive, A302AELR6CZFNH
Positive,Positive, A33ICMDTWPCNHA
Positive,Positive, A31CXFB7VCCMFR
Positive,Positive, ALONLO6UF0MLL
Positive,Positive, A15INMYGCBHDVC
Positive,Positive, A1C59MF8WPPKRK
Positive,Positive, A10UX39D7YO6G2
Positive,Positive, A14AJEW0N7BAV9
Positive,Positive, A65JT2E4QAO24
Positive,Positive, AG15IN96V6T2V
Positive,Positive, A35IYSM5311195
Positive,Positive, ATF0X3H7GO23T
Positive,Positive, N/A
Positive,Positive, A29Q46ODD8TOLZ
Neutral,Positive, A3PCJLF40KZZEC
Positive,Positive, A2BIHQV0U2D6BX
Positive,Positive, AJJH23VH25QM0
Positive,Positive, A3BTIOT8OGZKU2
Positive,Positive, A2BAV7LM01RCS7
Positive,Positive, A991M3ZR4LNPI
Positive,Positive, A39TURPFL8GXW8
Positive,Positive, A3BAJ3K6T5ILOY
Positive,Positive, A1484L26JRZYOT
Positive,Positive, A2FRCZT4FD3CTL
Neutral,Negative, A2RB8BIPMG1AZ4
Positive,Positive, A3OXJ05X1EQOB1
Positive,Positive, A3FLMF8FG4VPG8
Positive,Positive, AH5IVUDYO7EBZ
Positive,Positive, A2IIDH7PK8N65D
Positive,Positive, A316Q93V3S8IRB
Positive,Positive, A2CPV0EUJYXREP
Positive,Positive, A20ZDQYALFWW6G
Positive,Positive, A1PFVL4URO2SAG
Positive,Positive, A3S6BJMKZ3G3LU
Positive,Positive, A3LE8D1535OTX3
Positive,Positive, A3V6TRRXG57N6I
Positive,Positive, A3CVMBPB7UT2UK
Positive,Positive, A1YTD26YJF0E0R
Positive,Positive, A16QFSMX5RXJ6T
Positive,Positive, A39AY977CWNFN2
Positive,Positive, A305VCHHVJFQL1
Negative,Negative, AKVADWJ57PMUM
Negative,Negative, A228GAX0OSUVXE
Positive,Positive, A3R91D2MT196XB
Negative,Negative, A38BBL2UZLKKZZ
Positive,Positive, A3SH7BYDGVVJI2
Positive,Positive, A2ZSOVUZR42QUG
Positive,Positive, A1ZU9688LM8PX8
Positive,Negative, AXEJ99SG9M08K
Positive,Positive, AIX44MS0F2KM2
Negative,Negative, A15CNVAK3MSQJK
Positive,Positive, AG91BT01BXA0N
Positive,Positive, AB8NOP1KQZH8C
Positive,Positive, A1P1O7ADV3TJX5
Negative,Positive, A3QJN026YZHRIK
Positive,Positive, A2C784MY6N7S78
Positive,Positive, A39DLJWTHCYTY6
Positive,Positive, A17RYMYKHJ1QUZ
Positive,Positive, A1Y8ZK5NKSQA1K
Positive,Positive, A1EEK1CKC4F9HG
Positive,Positive, A13XWWIPG58SGX
Positive,Positive, A2DYT9ECAZN7SJ
Positive,Positive, A2FJBFJENQUQRG
Positive,Positive, A29IAZ5PD7MPSA
Positive,Negative, A3IOAUIX90MHH6
Positive,Positive, A2FDP2USFIE2Z8
Positive,Positive, A1N903U8ILQDID
Positive,Positive, A2PDBAK3J6R4LH
Positive,Neutral, AX3MVGTDOS958
Positive,Positive, A3PLH9188TIPAO
Positive,Positive, A2RJQK0WT4FZ8L
Positive,Positive, A3UY5U46DX7VDS
Neutral,Neutral, A2YN00GHZFYBLJ
Positive,Positive, A1NHMU5D8CBK3M
Positive,Positive, AMQSV8KFMQ584
Positive,Positive, AKCU8Q30E5THU
Positive,Positive, AHLHK7Q1N5KK3
Positive,Positive, A3ISQP0Y8TDCBP
Positive,Positive, A2SG5RI4UCH3E8
Positive,Positive, A65EERNY0VRWU
Positive,Positive, A1ZO3FCUYAZA0G
Negative,Negative, A1SL3MVSXBPKEM
Positive,Positive, A2RUP4S963G9HO
Positive,Positive, A1LPHUT0NWXB8O
Positive,Positive, AZWUWO3SDJ3W9
Neutral,Positive, A1UKWQOJFXAWJ5
Neutral,Positive, A16LZA8J531WHZ
Positive,Positive, A2FC50GPX35VGA
Positive,Positive, ADVYZMYHTM3JT
Positive,Positive, A2AGGPA6ABYL2B
Positive,Positive, AJ51XMEBE7PC0
Positive,Positive, A1WVUYB8ZJ9Z6H
Positive,Positive, AR0RJOK3NYZ1H
Negative,Negative, A3NJX0665KROGX
Positive,Positive, ANY0FEH5BBDMR
Positive,Positive, A3K7FRF8K4SMWJ
Positive,Positive, A2T4IS10GVVN1L
Positive,Positive, A3Q1943KWQYLH3
Positive,Positive, APA1MB2KJ3CE9
Positive,Positive, A2Q5R7WH82N4G4
Positive,Positive, A2W2UQUXSODHB6
Positive,Positive, A26MWYIC34FW3Y
Positive,Positive, AFW2R68IZS335
Positive,Positive, A2MX4BM0WN5E87
Negative,Negative, A180KQ19MNBPLU
Positive,Positive, A12LGYYGU4GJJH
Positive,Positive, ACLFLJSPOKQ7F
Positive,Positive, A37ZAEQPAHHVQO
Positive,Positive, A14CQK72ZVX5G4
Positive,Positive, A2WYKMSC1I3MST
Positive,Positive, A1V4H7JT9SMSSF
Positive,Positive, A1H5M48MASZQKD
Positive,Positive, A19JFPSVVQKRA6
Positive,Positive, A3SQAU1OFMPLNI
Positive,Positive, A2YQ05IKOLPW7A
Positive,Positive, A105D3G6IN0AFI
Neutral,Positive, AED0RDA0Y0HYA
Negative,Negative, A1M4KL2EMZVSJU
Positive,Positive, A2KHYHDM5QDQXV
Positive,Positive, A2GWQG4ZZ1H8B4
Positive,Positive, A2YF8021JBIRN8
Positive,Neutral, A16P5Y7DMSSAMU
Negative,Negative, A2NHCXF7B3W1VP
Positive,Positive, AA70GDZCTVU55
Positive,Positive, A2HIM7KTI3YIAO
Positive,Positive, AIZT6HXQ8AMCY
Positive,Positive, A24IEAO06Y6L76
Neutral,Positive, A3UEKVTO4ADF29
Neutral,Positive, A2GOYLSMWP27FW
Positive,Positive, AWDLA1URULPN8
Positive,Positive, AWQ6CHQ2GVN2J
Positive,Positive, AYEFS3PAR1XU
Positive,Positive, A3556RDPSISQKS
Positive,Positive, A7G7V7WHL445F
Positive,Positive, AX57FM15G411V
Positive,Positive, A155X6XTO9KYP1
Positive,Positive, A1C2UOTL7ZCUI1
Positive,Positive, AETA62YS4UE26
Positive,Positive, A2TYWG1IBZPOZS
Positive,Positive, A39VQKZLKW7B1N
Negative,Positive, AT3P5M14UHVCX
Positive,Positive, A2YJGUZWLBLJP1
Positive,Positive, AU2QC1ERMDL7Q
Positive,Positive, A1QFIIJNJAFU8E
Positive,Positive, A351971Z598ZAN
Positive,Positive, N/A
Positive,Positive, A1F0XOZTT92GT
Positive,Positive, A1VCJJ0RHGAUYM
Positive,Negative, A2XMAAGFPCOSW9
Positive,Positive, A38GA2LCZMYYF8
Positive,Positive, A9OY2TXY03AW5
Positive,Positive, AGUKHC7IDWKEJ
Positive,Positive, A2H9LT0UJDMAAD
Neutral,Neutral, A35O0X5EKTCRS9
Positive,Positive, AP4FGZFY481T8
Positive,Positive, A3M2YXEQ019N2D
Positive,Positive, ASPRENFTOYHO0
Positive,Positive, A2IRCGU02G0RG5
Positive,Positive, A3DQJ9T5FBAFRG
Positive,Positive, N/A
Negative,Negative, AAGCH50SZVJN4
Positive,Positive, A1BDAHW86A1BVK
Positive,Positive, AJLWVR4ZOYL3S
Positive,Positive, A324P8IYY56GCC
Negative,Negative, A2QGW14TID50FY
Positive,Positive, A2M7QXJ1NRA2GM
Positive,Positive, A3H78GPZ6IP4XR
Positive,Positive, A17NOY525ZD8LH
Neutral,Positive, A1EAIFPH60QHIU
Positive,Positive, AG0W2WNFYRX1Y
Positive,Negative, AE37I880SUFDP
Negative,Positive, A1XDGN1PQDF890
Positive,Positive, A1O8MBJ8B443MD
Positive,Positive, A3046GZ5ZK57KI
Positive,Positive, A1IWBKTCFG1YCR
Positive,Positive, A33E422AQFFZ8U
Positive,Positive, A3LWUP4O3IGMDB
Positive,Positive, A14QHGZL6A7YBR
Positive,Positive, A3C8H4E4U1P6O8
Neutral,Positive, A1JMGNU7T2LQ63
Positive,Positive, A19WEEGB05YAZ3
Positive,Positive, A2SX6EKBUIEY0X
Positive,Positive, A25D6OPSOC73VE
Positive,Positive, ATY1TGX2BDL53
Negative,Negative, AD1F4KBZPHB5X
Neutral,Positive, A3MX44NOGGPVS4
Negative,Positive, A2PCJ19IEGIDAP
Positive,Positive, A1CAYW7FR3XEG0
Positive,Positive, A1IHA1LSKCE24P
Positive,Positive, A3VM3Y2EQLSL7H
Positive,Positive, A1YOU2NDS9G1J6
Positive,Positive, A2IVYS4Q41I3T4
Positive,Positive, A1CP6VDJ7JSXD4
Positive,Negative, APBUXYQ7IZ0N8
Positive,Positive, A19EN7DH3D7PQV
Positive,Positive, A8DDZ1UIK08GT
Positive,Positive, AWGSHR9DG5HG7
Negative,Positive, A3HRRYYTGBMHHH
Positive,Neutral, A3P2COUAUFMU0Q
Neutral,Negative, A1NZQZ49XKOH0Z
Negative,Negative, A1P1L268DFQLPT
Positive,Positive, AXR9PC2II8UCB
Positive,Positive, A3RL7YXSM1OAF8
Positive,Positive, ATIKQY5FTP4G1
Positive,Positive, A1VJLT9JKNEKIK
Neutral,Negative, A1GP5JAN2MN3W6
Positive,Positive, A2XSW10H2YF86X
Negative,Positive, AKTH4KM8K5T1
Positive,Positive, A1KS7WPERQX8R3
Positive,Positive, A3QLRIJSIPOT7F
Neutral,Positive, A31DAQZRJH8KOO
Positive,Positive, AZBSOSD0H542A
Positive,Positive, A2GSXD4XBR7N6T
Positive,Positive, A8A9ABKPZBW5N
Positive,Positive, A387T28IVXBTJX
Positive,Positive, A3JDO9WVXL4VU8
Positive,Positive, A17SOGA3CENKE4
Positive,Positive, A1XH2X03OYU8NN
Positive,Neutral, A36Z2WORF8Y6WX
Negative,Positive, A38XJT4T7X129D
Positive,Positive, A30HTB5A8LJND3
Negative,Negative, A3SP9SHH8GUL7M
Positive,Positive, A2ABYMQKF6TLR9
Positive,Positive, A3TU2IGQH5K2KV
Neutral,Positive, AV94OTJ9OU7WC
Positive,Positive, A226FJMT02YIQR
Positive,Positive, A1A1B2J9BOP3DU
Positive,Positive, A1BSX3CE6SDZ0V
Positive,Positive, A2SJSP19KAJNBX
Positive,Positive, APHZ5MPWLQY30
Negative,Negative, A1GXPV77EVJOXP
Positive,Positive, A1DQ18EKZ7CTTD
Positive,Positive, A816CBE3VETOF
Negative,Positive, AGDZQZEX6YK54
Negative,Negative, A22LWT0WDDNMC1
Positive,Positive, A28TB48VTD0N19
Negative,Negative, A28IIVQU35HEJI
Positive,Positive, A2AMJFKDM4ZLFB
Positive,Positive, A2548ELQMB9QEN
Positive,Positive, A3AGYWQY28EWTE
Positive,Positive, A36G31SDOQTNGM
Neutral,Neutral, A3BT97GGAUGPAX
Negative,Negative, A18YIIGI8MHWLW
Positive,Positive, A1P0XAFCZNE1KZ
Positive,Positive, A3VT6OZGSSDSYX
Neutral,Positive, A1DRQYHV5I9WOJ
Positive,Positive, AJB0B4DIL1292
Positive,Positive, ARTR9JZVOBJKS
Positive,Positive, A3A1PDECAJQPDE
Positive,Positive, A3U7DAN5RBT6LE
Positive,Positive, A21DXUX1XFH07K
Positive,Positive, A1PWUHRPAVIP5Y
Neutral,Neutral, A220U4K21QP6MK
Negative,Positive, A8NMJIAMCVMP5
Positive,Positive, A1B2SHM18X2GV6
Positive,Positive, A38E0ZF5W4Z59C
Positive,Positive, A7BTQKARFLNX6
Positive,Positive, A24ZISGRTWQ6DD
Positive,Positive, AC5ND9VE1L9D0
Positive,Positive, A3D0DNQ5QH9EAU
Positive,Positive, AOUR7H6KI681G
Neutral,Positive, AFP43JEWE6V2S
Positive,Positive, AFGXN5U4BJMEA
Neutral,Neutral, A029527620Q3SK5XW16RR
Positive,Positive, A1DCNXNF0JWB5T
Positive,Positive, A3OOAFG6VPP3YS
Positive,Positive, A2F4FJ3BIZ68GJ
Positive,Positive, A14C1OOCO2B7R9
Positive,Positive, AFCOXF580CZP
Positive,Positive, A14AJYJV5SM0V9
Positive,Positive, A1RODWMIAW9LA0
Positive,Positive, A1SPSVZSX229WH
Positive,Positive, A2D3JQHARJF89Q
Positive,Positive, A1A7E4QK979JJ7
Positive,Positive, A3GMIID5ZJI1DY
Positive,Positive, A3GPQFOWTKAN9G
Positive,Positive, A2U3NPJRONS9A4
Positive,Positive, A3MAHYESQV63NK
Positive,Positive, A15ESEIXY7C4CY
Neutral,Positive, A1W3PC1SWBRDPQ
Positive,Positive, A1LNMRBMELKFVU
Positive,Positive, AAK7788SG4IDR
Negative,Positive, ANV3GWCF5HO49
Positive,Positive, A2XE2HNCUJB5L3
Positive,Positive, A32NJ84YKKJX5P
Neutral,Neutral, ATLTM7CPSPRUR
Positive,Positive, A1KRF81GTI2KKT
Negative,Negative, A18KUU0YWKLJT3
Neutral,Neutral, A3CWBSNRFQU006
Negative,Positive, A2LHDS9DGKYRE0
Negative,Positive, AX47EVO5R71HI
Positive,Positive, A1CSDQ1T7NJ9Y7
Positive,Positive, A2Q7C4LE6O73E0
Neutral,Neutral, A144LSESL9Q1U7
Positive,Neutral, A1OXU19NZ5MWOU
Positive,Positive, A2S14TDZG49B3D
Positive,Positive, A1HIWK8FT3V7RY
Positive,Positive, A1TIDXMIVY9H1I
Positive,Positive, A3HB7HP4SRLAFJ
Positive,Positive, A2NUNIOJX4X1AK
Positive,Neutral, A1TUR8EDFW33OO
Positive,Positive, A2N3UFRJ9JOXU2
Positive,Positive, A3RNBNEKO1T7HG
Positive,Positive, A147OIHUZCVJ1I
Neutral,Neutral, A2Q7Q73SJ5F8BQ
Positive,Positive, A104H3P2SLVRXI
Positive,Positive, A3OIJODEZ4ROL1
Positive,Positive, AIEHPMRNIVU0D
Positive,Positive, A3B6ZQWRTL0HRC
Negative,Negative, A1MOMM1C27UXCR
Positive,Positive, A3ECL20E1I81TG
Positive,Positive, A172UVQTXSAX6O
Neutral,Positive, A2FKARJJ96GARC
Positive,Positive, A3BX5B14VB7ICN
Positive,Positive, A2M518DDIDVBLK
Neutral,Positive, A1AH8P1OIIXAGG
Positive,Positive, AX3I9QL0TN4DX
Neutral,Neutral, A2O82LBG1JZWDA
Positive,Positive, A28TUR3GWLUW1A
Positive,Positive, A2H62L964QKTT6
Positive,Positive, AMJAEHJKLY4N3
Positive,Positive, A23FHMTBRKWAO4
Neutral,Positive, AZBQ6BTEKR206
Positive,Positive, AM9TE1XAF2K0X
Negative,Positive, A2C5OTDJRTNISW
Negative,Positive, A2BYYH3L7X24YM
Positive,Positive, AK5CV8AAVO7KA
Positive,Positive, A1Q2JAAMDR9XQP
Positive,Positive, A1EJN49NS8MHS6
Positive,Positive, ADYADKG9JVGKI
Positive,Positive, A2KLKWKCS586IG
Positive,Positive, A2IPQDHXGL3NJG
Positive,Positive, A2I27S48Y59RH0
Positive,Positive, AN3I0GAONR7N3
Positive,Positive, A1GUZ3JG85Q1JG
Positive,Positive, AXHG4PRE00W56
Positive,Positive, AIA02MP8EQJKC
Positive,Positive, AT0AGTHV50RTT
Positive,Positive, A2FMYRCGKDLCR0
Positive,Negative, A261FB2KY3MZY7
Positive,Positive, A1M6BBRG5KAMK8
Positive,Positive, A2Z9F8X7JE4IXT
Positive,Positive, AEI8U844RGJOL
Negative,Positive, ARTDKBH17R1US
Positive,Positive, A14FD15DXN8794
Positive,Positive, A1N44JF7B1Y35M
Positive,Positive, AU64OZCMTGYD8
Positive,Positive, A2CXZ2K5IZT6NG
Positive,Positive, A1LXKDXGMZ0Z94
Negative,Positive, A39J74BYP93DGW
Positive,Positive, AYCWO63K253BO
Positive,Positive, A1YWH0UQK3GDYX
Positive,Positive, A3F5R7M21B12O3
Positive,Positive, A2T8JLXZ1WMXSU
Positive,Positive, A1U4TYA4K3Z6AJ
Positive,Positive, A33BSKMPHOUMV8
Positive,Positive, A34KK3JN6ZRMLM
Positive,Positive, A1M139AQCCIS71
Positive,Positive, A12ASG8B4H5PRA
Positive,Positive, AHGZTA2O8YX32
Positive,Positive, A3K0QXQ643QUDZ
Positive,Negative, A2DU1V60V4QESX
Negative,Positive, A2DR38VDYCYKFI
Positive,Positive, AQDF8YEP6RNGO
Positive,Positive, A1UGX53S8ZKSGJ
Positive,Positive, APYGR7XJHACNR
Positive,Neutral, AD9JCXUS7GFXA
Positive,Positive, A2BWZ6EBZ5JW89
Positive,Positive, AHBLWBYUTO1OK
Positive,Positive, A202S8WE5JD224
Positive,Positive, A2USGX7LVLFR0C
Positive,Positive, APYE58NTHMUDY
Positive,Positive, A7SS4K4P9484Z
Positive,Positive, A2U8H34X237J9
Negative,Positive, A22N9Y9D9965PT
Positive,Positive, A3DHYFUWY0HJL8
Positive,Positive, A1R4OFZ4CAMLVC
Positive,Positive, ABLYFBDPFCZ9E
Neutral,Positive, AG8LFUZRDLFNS
Positive,Positive, A38ZPO9GAW6DTB
Positive,Positive, A3S78A77WP78W6
Positive,Positive, AIKA32WEBQDP6
Negative,Positive, A1C1IDY1W1BFMU
Positive,Positive, AGBLDA902Q3ID
Positive,Positive, A2OYT3PFQKP0TE
Positive,Positive, A3JOXOFUCZWFGE
Positive,Positive, A3C1M9Q6C2B1EK
Negative,Positive, A3HE3A0X5RDD9D
Positive,Positive, A3FCITS1S072KP
Positive,Positive, A14XWTMCICHRO6
Positive,Positive, A1HWE33OZGHQWR
Negative,Negative, A342HSASQVD6FS
Positive,Positive, A2HX87HIZ1FI46
Positive,Positive, ALMA4QNCV6L4W
Positive,Positive, A3FFFQ2N2ZKQ2U
Positive,Positive, A2XQ5G6YPWBAM
Negative,Positive, A2YFOASL8UC3RH
Positive,Positive, A1HSIZDCB5ERWT
Positive,Positive, A1UQ9X1HRABCIF
Positive,Positive, A3BLNRWIWTYMD4
Positive,Positive, A34BNDD9TJ20XM
Positive,Positive, A2NUQRUEFMCTJC
Positive,Positive, A1GFWK19VV8TX1
Positive,Positive, AR82V88MJV0A0
Positive,Positive, A3TX00073C7HUR
Negative,Negative, A1RDEJDBJIPSJ9
Positive,Positive, A15IIU5X9K9UB5
Positive,Neutral, A2VGXB6X0L90S6
Positive,Positive, A2IV6WQ1RMQNTG
Positive,Positive, A2OZ4D418PA74W
Positive,Positive, A3OSOX7E8FPN93
Positive,Positive, AKHGJNOTY28QQ
Positive,Positive, A3GZ5YI7BDC0U1
Positive,Positive, AC0HJRVP74IFL
Positive,Positive, AD2G5H3LAHPFW
Positive,Positive, AU256DDJD43PL
Positive,Positive, A32IJWZHD9J9KC
Positive,Positive, A2XQFZ1UAOOBGJ
Positive,Positive, A1TC4JSUSLRFI0
Neutral,Negative, A1LYI2GAWGU41S
Positive,Positive, AD2RCQ0YVU9CL
Positive,Positive, A27ZE5OYEECCZ4
Negative,Positive, A26PKY8IWVROBI
Positive,Positive, A12EYBCZGO4WV7
Neutral,Positive, A2H8GV1EE44BNY
Positive,Positive, AW2RM9I92MPQ2
Positive,Positive, AWF3MZW9OG5MV
Positive,Positive, A35LLZPRUG704M
Positive,Positive, A2RJIXS9N2FZ8I
Positive,Positive, ACZ94JB8BFMJ9
Negative,Neutral, A1I68N4LP5GTR3
Positive,Positive, A1CKCGZIHFBUR1
Positive,Positive, A3LR92E57I1HJL
Neutral,Negative, A3VFQTRMTD5UB
Positive,Positive, A3D9528N3R7PXL
Positive,Positive, A30698PQTIDDYT
Positive,Positive, AEU0RSHNAB4DC
Positive,Positive, A2RJSMX3NVCET5
Positive,Positive, A2FMQJXDK05WA1
Positive,Positive, A2K0U50SXCKUZC
Positive,Positive, A2DY47GWX4RB67
Positive,Positive, A2NH03IP4J5NT3
Positive,Positive, A22VXYNZ12AJT0
Positive,Positive, AXNPBSQFRTO5B
Negative,Positive, AI78BR0UXFPW1
Positive,Positive, A2Q38GYGLOKH8B
Positive,Positive, A2UHJ04HXHZF0L
Positive,Positive, A18B2ZA9GFBZJJ
Positive,Positive, A2XIO1K8TAFTYZ
Positive,Positive, A1IUL5JXLQ0YCE
Positive,Positive, A1U3PUHN5NLC1D
Neutral,Positive, A1A32RRVABHA4Z
Positive,Positive, AAQ6UEQIN86CF
Positive,Positive, AZPHYNPEZDMIO
Positive,Neutral, A363YMMBN9JWBW
Negative,Negative, A3J8ECFPT4EDSL
Positive,Positive, A105DBCM5OMBDR
Positive,Positive, A37RFM44IVMS9C
Negative,Negative, A23CB7321LY160
Positive,Positive, A12Q3OC607F9R4
Positive,Positive, ATU1B3EOA8HV4
Positive,Neutral, A2NRRIBKZVWKIM
Positive,Positive, A2B9XCN6ZJ5K2W
Negative,Positive, A2RV9J5T10QY3M
Positive,Positive, ADCDBQBV22HH2
Positive,Positive, AK8RLHBMI9DGF
Neutral,Positive, A2J2AVA1O71CYU
Negative,Positive, A17OK4H519FW14
Negative,Negative, A3Q4VGUDGJU7BH
Negative,Positive, A3LFY2VZULLIR0
Positive,Positive, A5ROKY2LG1CLR
Positive,Positive, AP0TF32BOKLAA
Positive,Positive, N/A
Positive,Positive, A2AINSXMA4AB38
Positive,Positive, A12A2CQB42WF4B
Positive,Positive, A21QKF4FN4N5ZH
Neutral,Negative, A3E6IS08CF0O7X
Neutral,Neutral, N/A
Positive,Positive, A38BLF1LARYG9K
Positive,Positive, A30QOW3RYHGQA3
Positive,Positive, A2VAFT769Z4ASZ
Positive,Positive, A17QREYG1KNWEU
Positive,Positive, A3P3SQWN30O8XI
Positive,Positive, AQMX3SSVUYPBT
Positive,Positive, A1CY7CZH64COBV
Positive,Positive, A1R0YMMWUWKY18
Positive,Neutral, A394XO9ZMTC0KQ
Positive,Positive, A15O4L986SWKH6
Positive,Positive, AO4DR5JQDFIJZ
Positive,Positive, AHTO2SKYTB9N4
Neutral,Positive, A18H0VW5SIQFSP
Positive,Positive, A3QDFTJX2PP7H
Positive,Positive, A2UPC7TESXGKYG
Positive,Positive, A1JOFWXGCIXIPD
Positive,Positive, A22NB5IEE054MS
Negative,Negative, A98BG23Z208DZ
Positive,Positive, A1ESYT9YWIJIVS
Positive,Positive, A9V1RE74MUVNO
Positive,Positive, A25TC92SYEPVPL
Positive,Positive, A1QIFBWM99H1XG
Positive,Positive, A1MWYUGCGYR3UV
